No,URL,Product ID,Category,Product name,Product code,SKU,Shade name,Shade code,Hex code,Price (₹),Stock,Quantity,Tagline,Short description,Description,Key benefits,Ingredients,How to Use,Caution,Shipping and Delivery,Product link
1,https://github.com/StaytunedLLP/itsme.fashion/issues/342,EeT3iEm26aYK6fg4AlUl,eyes,Kajal,Kajal,ITS-EYE-KAJ-BLK-1.5G,Black,Black,#000000,599,500,1.5gm,The Zenith of dark,"Define your eyes with It's Me Kajal, the ultimate long-lasting, waterproof, and smudge-proof eye essential!","Define your eyes with It's Me Kajal, the ultimate long-lasting, waterproof, and smudge-proof eye essential! With its intensely pigmented ultra-black formula, this kajal glides on effortlessly in one smooth stroke, delivering bold, high-impact definition. Enriched with nourishing ingredients, it keeps your eyes comfortable, making it ideal for sensitive eyes and contact lens wearers. Whether you want a sharp, precise look or a sultry smoky effect, this kajal is your go-to for 24-hour drama and elegance.","24-Hour Long-Wear – Stays intact without smudging or fading.
Waterproof & Sweat-Resistant – Perfect for all-day wear, even in humid conditions.
Ultra-Black Pigments – Deep, intense color payoff in just one swipe.
Smooth & Glide-On Formula – No tugging or pulling, ensuring a seamless application.
Safe for Sensitive Eyes – Gentle and irritation-free, suitable for contact lens wearers.","Aqua, Pearl Powder, Glycerine, Hydroxyethyl Acrylate, Sodium Acryloyldimethy Taurate Copolymer, Carbomer, Triethanolamine, Phenoxyethanol, Mica, Silica.","Twist up the kajal and apply along the waterline or lash line, starting from the inner corner and moving outward.
For a bold look, layer multiple strokes to intensify the color.
For a smoky effect, smudge gently with a brush or fingertip immediately after application.
Close the cap tightly after use to maintain its smooth, creamy texture.","Discontinue use if irritation occurs, FOR EXTERNAL USE ONLY",Experience the convenience of swift order fulfillment with our top-notch Shipping services.,
2,https://github.com/StaytunedLLP/itsme.fashion/issues/343,nxzfFnfF3YQAO7xGPlen,eyes,Mascara,Mascara,ITS-EYE-MAS-BLK-8M,Black,Black,#000000,699,500,8.0 ml,Unleash your lashes,"Achieve bold, voluminous lashes with the It's Me Volumizing Mascara!","Achieve bold, voluminous lashes with the It's Me Volumizing Mascara! This intensely black, waterproof, and smudge-proof formula adds instant length, lift, and 3D volume to your lashes. The specially designed Mega Brush ensures clump-free application, coating every lash from root to tip for a dramatic, eye-opening effect. Lightweight yet long-wearing, this mascara lasts all day without flaking or smudging, making it perfect for any occasion. Whether you want natural definition or full-glam drama, this mascara delivers unbeatable lift and curl for an effortlessly stunning look.","Instant Volume & Length – Buildable formula for bold, fuller lashes in just a few strokes.
Long-Lasting & Smudge-Proof – Stays intact for up to 18 hours without flaking or fading.
Waterproof & Sweat-Resistant – Ideal for all-day wear, even in humidity.
Mega Brush for Even Application – Separates & defines each lash for a clump-free, fanned-out effect.
Ultra-Black Pigmentation – Deep jet black color enhances lash definition for a striking look.","Aqua, GMS SE, Cera Alba, Carnauba Wax. Acrylates/Octylacrylamide Copolymer, Propylene Glycol, Xanthan Gum, Magnesium, Aluminium Silicate, Disodium EDTA, Phenoxyethanol May Contain: DGC Black No. 2 (CI 77266), Iron Oxide Black (CI 77499)","Start at the base of your lashes and wiggle the brush upward to coat each lash evenly.
Build layers for added volume, ensuring each coat is applied before the previous one dries.
For extra lift, apply an extra coat to the tips of your lashes.","Discontinue use if irritation occurs, FOR EXTERNAL USE ONLY",Experience the convenience of swift order fulfillment with our top-notch Shipping services.,
3,https://github.com/StaytunedLLP/itsme.fashion/issues/344,Rga6hhcZ8m4t7FS2koTV,eyes,Eyeliner,Eyeliner,ITS-EYE-EYL-BLK-5M,Black,Black,#000000,699,500,5.0 ml,Don't just look be seen,"Define your eyes with the ultimate precision and bold intensity using ""It's Me"" Precision Eyeliner.","Define your eyes with the ultimate precision and bold intensity using ""It's Me"" Precision Eyeliner. Designed for effortless application, this ultra-black, waterproof, and smudge-proof eyeliner delivers long-lasting wear with a matte, jet-black finish. Whether you want a sleek everyday look or bold, dramatic wings, the precision felt-tip applicator glides smoothly for a flawless, mistake-proof application. Quick-drying and lightweight, it stays put all day without fading or smudging, giving you the perfect eye definition from morning to night.","Jet-Black Intensity – Richly pigmented formula delivers a deep, bold black finish.
Smudge-Proof & Waterproof – Stays intact through humidity, sweat, and long hours without smearing.
Quick-Drying Formula – No waiting, sets in seconds for a mess-free application.
Precision Tip for Effortless Application – Glides smoothly, allowing for thin or bold lines with complete control.
Long-Lasting Wear – Up to 24-hour hold, so your eyeliner stays fresh and crisp all day.","Aqua, Pearl Powder, Glycerine, Hydroxyethyl Acrylate, Sodium Acryloyldimethy Taurate Copolymer, Carbomer, Triethanolamine, Phenoxyethanol, Mica, Silica.","Shake well before use to ensure smooth application.
Start from the inner corner of your eye and glide the applicator along the lash line, extending outward for a winged effect if desired.
Allow it to dry for a few seconds for a smudge-proof, long-lasting finish.","Discontinue use if irritation occurs, FOR EXTERNAL USE ONLY",Experience the convenience of swift order fulfillment with our top-notch Shipping services.,
4,https://github.com/StaytunedLLP/itsme.fashion/issues/345,1M5DxRcUI9qpJUC3LWgV,lips,Lip Gloss,LIPGL01,ITS-LIP-LGL-401-3.5G,Invisible Glow,401,#ffffff,999,500,3.5 gms,A touch of luxury a splash of shine,"Elevate your lip game with ""It's Me"" Lip Gloss, the perfect blend of mirror-like shine, deep hydration, and weightless comfort.","Elevate your lip game with ""It's Me"" Lip Gloss, the perfect blend of mirror-like shine, deep hydration, and weightless comfort. Unlike traditional sticky glosses, our formula glides on smoothly, leaving lips soft, nourished, and visibly plumper. Whether you're going for a subtle everyday glow or a bold, glossy statement, our buildable formula delivers long-lasting, luscious lips. Infused with Vitamin E, Jojoba Oil, Shea Butter, and Aloe Vera Extract, this gloss hydrates while enhancing your natural beauty—giving you the ultimate high-shine, kissable pout!","High-Gloss Shine – Delivers a mirror-like finish for instantly fuller-looking lips.
Deep Hydration & Nourishment – Enriched with Shea Butter, Jojoba Oil, and Vitamin E to keep lips soft & smooth.
Non-Sticky & Lightweight – Feels silky, comfortable, and breathable all day long.
Sheer to Buildable Coverage – Wear alone for a subtle glow or layer over lipstick for intensified shine.
Flattering Shades for All Skin Tones – From nude elegance to bold brights, find your perfect gloss.","Hydrogenated Polyisobutene, Polybutene, Octyldodecanol, Dimethicone, Castor Oil, Shea Butter, Jojoba Oil, Coconut Oil, Vitamin E, Beeswax, Mica, Titanium Dioxide, Iron Oxides, Red/Yellow/Blue Lake Dyes, Aloe Vera Extract, Fragrance.","Apply directly onto clean, bare lips for a fresh, glossy look.
Layer over your favorite lipstick for a plumping, high-shine effect.
Reapply as needed to keep lips hydrated and glossy throughout the day.","Discontinue use if irritation occurs, FOR EXTERNAL USE ONLY",Experience the convenience of swift order fulfillment with our top-notch Shipping services.,
5,https://github.com/StaytunedLLP/itsme.fashion/issues/346,1M5DxRcUI9qpJUC3LWgV,lips,Lip Gloss,LIPGL02,ITS-LIP-LGL-402-3.5G,Orchid,402,#a84c63,999,500,3.5 gms,A touch of luxury a splash of shine,"Elevate your lip game with ""It's Me"" Lip Gloss, the perfect blend of mirror-like shine, deep hydration, and weightless comfort.","Elevate your lip game with ""It's Me"" Lip Gloss, the perfect blend of mirror-like shine, deep hydration, and weightless comfort. Unlike traditional sticky glosses, our formula glides on smoothly, leaving lips soft, nourished, and visibly plumper. Whether you're going for a subtle everyday glow or a bold, glossy statement, our buildable formula delivers long-lasting, luscious lips. Infused with Vitamin E, Jojoba Oil, Shea Butter, and Aloe Vera Extract, this gloss hydrates while enhancing your natural beauty—giving you the ultimate high-shine, kissable pout!","High-Gloss Shine – Delivers a mirror-like finish for instantly fuller-looking lips.
Deep Hydration & Nourishment – Enriched with Shea Butter, Jojoba Oil, and Vitamin E to keep lips soft & smooth.
Non-Sticky & Lightweight – Feels silky, comfortable, and breathable all day long.
Sheer to Buildable Coverage – Wear alone for a subtle glow or layer over lipstick for intensified shine.
Flattering Shades for All Skin Tones – From nude elegance to bold brights, find your perfect gloss.","Hydrogenated Polyisobutene, Polybutene, Octyldodecanol, Dimethicone, Castor Oil, Shea Butter, Jojoba Oil, Coconut Oil, Vitamin E, Beeswax, Mica, Titanium Dioxide, Iron Oxides, Red/Yellow/Blue Lake Dyes, Aloe Vera Extract, Fragrance.","Apply directly onto clean, bare lips for a fresh, glossy look.
Layer over your favorite lipstick for a plumping, high-shine effect.
Reapply as needed to keep lips hydrated and glossy throughout the day.","Discontinue use if irritation occurs, FOR EXTERNAL USE ONLY",Experience the convenience of swift order fulfillment with our top-notch Shipping services.,
6,https://github.com/StaytunedLLP/itsme.fashion/issues/347,1M5DxRcUI9qpJUC3LWgV,lips,Lip Gloss,LIPGL03,ITS-LIP-LGL-403-3.5G,Sunset Glow,403,#7a0735,999,500,3.5 gms,A touch of luxury a splash of shine,"Elevate your lip game with ""It's Me"" Lip Gloss, the perfect blend of mirror-like shine, deep hydration, and weightless comfort.","Elevate your lip game with ""It's Me"" Lip Gloss, the perfect blend of mirror-like shine, deep hydration, and weightless comfort. Unlike traditional sticky glosses, our formula glides on smoothly, leaving lips soft, nourished, and visibly plumper. Whether you're going for a subtle everyday glow or a bold, glossy statement, our buildable formula delivers long-lasting, luscious lips. Infused with Vitamin E, Jojoba Oil, Shea Butter, and Aloe Vera Extract, this gloss hydrates while enhancing your natural beauty—giving you the ultimate high-shine, kissable pout!","High-Gloss Shine – Delivers a mirror-like finish for instantly fuller-looking lips.
Deep Hydration & Nourishment – Enriched with Shea Butter, Jojoba Oil, and Vitamin E to keep lips soft & smooth.
Non-Sticky & Lightweight – Feels silky, comfortable, and breathable all day long.
Sheer to Buildable Coverage – Wear alone for a subtle glow or layer over lipstick for intensified shine.
Flattering Shades for All Skin Tones – From nude elegance to bold brights, find your perfect gloss.","Hydrogenated Polyisobutene, Polybutene, Octyldodecanol, Dimethicone, Castor Oil, Shea Butter, Jojoba Oil, Coconut Oil, Vitamin E, Beeswax, Mica, Titanium Dioxide, Iron Oxides, Red/Yellow/Blue Lake Dyes, Aloe Vera Extract, Fragrance.","Apply directly onto clean, bare lips for a fresh, glossy look.
Layer over your favorite lipstick for a plumping, high-shine effect.
Reapply as needed to keep lips hydrated and glossy throughout the day.","Discontinue use if irritation occurs, FOR EXTERNAL USE ONLY",Experience the convenience of swift order fulfillment with our top-notch Shipping services.,
7,https://github.com/StaytunedLLP/itsme.fashion/issues/348,1M5DxRcUI9qpJUC3LWgV,lips,Lip Gloss,LIPGL04,ITS-LIP-LGL-404-3.5G,Sand Dune,404,#7a3d36,999,500,3.5 gms,A touch of luxury a splash of shine,"Elevate your lip game with ""It's Me"" Lip Gloss, the perfect blend of mirror-like shine, deep hydration, and weightless comfort.","Elevate your lip game with ""It's Me"" Lip Gloss, the perfect blend of mirror-like shine, deep hydration, and weightless comfort. Unlike traditional sticky glosses, our formula glides on smoothly, leaving lips soft, nourished, and visibly plumper. Whether you're going for a subtle everyday glow or a bold, glossy statement, our buildable formula delivers long-lasting, luscious lips. Infused with Vitamin E, Jojoba Oil, Shea Butter, and Aloe Vera Extract, this gloss hydrates while enhancing your natural beauty—giving you the ultimate high-shine, kissable pout!","High-Gloss Shine – Delivers a mirror-like finish for instantly fuller-looking lips.
Deep Hydration & Nourishment – Enriched with Shea Butter, Jojoba Oil, and Vitamin E to keep lips soft & smooth.
Non-Sticky & Lightweight – Feels silky, comfortable, and breathable all day long.
Sheer to Buildable Coverage – Wear alone for a subtle glow or layer over lipstick for intensified shine.
Flattering Shades for All Skin Tones – From nude elegance to bold brights, find your perfect gloss.","Hydrogenated Polyisobutene, Polybutene, Octyldodecanol, Dimethicone, Castor Oil, Shea Butter, Jojoba Oil, Coconut Oil, Vitamin E, Beeswax, Mica, Titanium Dioxide, Iron Oxides, Red/Yellow/Blue Lake Dyes, Aloe Vera Extract, Fragrance.","Apply directly onto clean, bare lips for a fresh, glossy look.
Layer over your favorite lipstick for a plumping, high-shine effect.
Reapply as needed to keep lips hydrated and glossy throughout the day.","Discontinue use if irritation occurs, FOR EXTERNAL USE ONLY",Experience the convenience of swift order fulfillment with our top-notch Shipping services.,
8,https://github.com/StaytunedLLP/itsme.fashion/issues/349,zBaKa0GDG0Ds7FfoWYSp,face,Pro+ Finishing Powder,PROPOW1,ITS-FAC-PFP-01-15G,Diamond Dust,1,#f7f3f2,799,500,15 gms,A sprinkle of magic,"Achieve a flawless, shine-free complexion with ""It's Me"" Pro+ Finishing Powder—the ultimate lightweight setting powder for a soft-focus, airbrushed look.","Achieve a flawless, shine-free complexion with ""It's Me"" Pro+ Finishing Powder—the ultimate lightweight setting powder for a soft-focus, airbrushed look. Designed to blur imperfections, control oil, and lock makeup in place, this ultra-fine powder blends seamlessly into the skin without feeling heavy or cakey. Whether you're setting foundation or going for a natural, even finish, this powder delivers a matte, photo-ready glow that lasts all day. Available in versatile shades to complement every skin tone, it’s your secret to long-lasting, flawless perfection.","Matte & Shine-Free Finish – Controls oil and absorbs excess shine for a fresh, natural look.
Blurring & Soft-Focus Effect – Minimizes the appearance of pores, fine lines, and texture instantly.
Lightweight & Buildable – Ultra-fine, breathable powder sets makeup without caking or settling into creases.
Long-Lasting Wear – Keeps your makeup locked in place for extended hours, preventing smudging and fading.
Universal Shades – Expertly crafted to suit all skin tones, blending seamlessly for a flawless finish","Talc, Mica, Dimethicon, Vinyl Dimethicon, Crosspolymer And Silica, Potassium Sorbate, Color Additives-ci 77492","For Setting Makeup – Use a fluffy brush or powder puff to lightly dust over foundation and concealer for a locked-in, shine-free finish.
For Oil Control – Apply to the T-zone and oily areas throughout the day for instant touch-ups.
For a Natural Look – Wear alone on bare skin to blur imperfections and even out complexion.","Discontinue use if irritation occurs, FOR EXTERNAL USE ONLY",Experience the convenience of swift order fulfillment with our top-notch Shipping services.,
9,https://github.com/StaytunedLLP/itsme.fashion/issues/350,zBaKa0GDG0Ds7FfoWYSp,face,Pro+ Finishing Powder,PROPOW2,ITS-FAC-PFP-02-15G,Lemon Zest,2,#e8dba2,799,500,15 gms,A sprinkle of magic,"Achieve a flawless, shine-free complexion with ""It's Me"" Pro+ Finishing Powder—the ultimate lightweight setting powder for a soft-focus, airbrushed look.","Achieve a flawless, shine-free complexion with ""It's Me"" Pro+ Finishing Powder—the ultimate lightweight setting powder for a soft-focus, airbrushed look. Designed to blur imperfections, control oil, and lock makeup in place, this ultra-fine powder blends seamlessly into the skin without feeling heavy or cakey. Whether you're setting foundation or going for a natural, even finish, this powder delivers a matte, photo-ready glow that lasts all day. Available in versatile shades to complement every skin tone, it’s your secret to long-lasting, flawless perfection.","Matte & Shine-Free Finish – Controls oil and absorbs excess shine for a fresh, natural look.
Blurring & Soft-Focus Effect – Minimizes the appearance of pores, fine lines, and texture instantly.
Lightweight & Buildable – Ultra-fine, breathable powder sets makeup without caking or settling into creases.
Long-Lasting Wear – Keeps your makeup locked in place for extended hours, preventing smudging and fading.
Universal Shades – Expertly crafted to suit all skin tones, blending seamlessly for a flawless finish","Talc, Mica, Dimethicon, Vinyl Dimethicon, Crosspolymer And Silica, Potassium Sorbate, Color Additives-ci 77493","For Setting Makeup – Use a fluffy brush or powder puff to lightly dust over foundation and concealer for a locked-in, shine-free finish.
For Oil Control – Apply to the T-zone and oily areas throughout the day for instant touch-ups.
For a Natural Look – Wear alone on bare skin to blur imperfections and even out complexion.","Discontinue use if irritation occurs, FOR EXTERNAL USE ONLY",Experience the convenience of swift order fulfillment with our top-notch Shipping services.,
10,https://github.com/StaytunedLLP/itsme.fashion/issues/351,zBaKa0GDG0Ds7FfoWYSp,face,Pro+ Finishing Powder,PROPOW3,ITS-FAC-PFP-03-15G,Dream Weaver,3,#d4987f,799,500,15 gms,A sprinkle of magic,"Achieve a flawless, shine-free complexion with ""It's Me"" Pro+ Finishing Powder—the ultimate lightweight setting powder for a soft-focus, airbrushed look.","Achieve a flawless, shine-free complexion with ""It's Me"" Pro+ Finishing Powder—the ultimate lightweight setting powder for a soft-focus, airbrushed look. Designed to blur imperfections, control oil, and lock makeup in place, this ultra-fine powder blends seamlessly into the skin without feeling heavy or cakey. Whether you're setting foundation or going for a natural, even finish, this powder delivers a matte, photo-ready glow that lasts all day. Available in versatile shades to complement every skin tone, it’s your secret to long-lasting, flawless perfection.","Matte & Shine-Free Finish – Controls oil and absorbs excess shine for a fresh, natural look.
Blurring & Soft-Focus Effect – Minimizes the appearance of pores, fine lines, and texture instantly.
Lightweight & Buildable – Ultra-fine, breathable powder sets makeup without caking or settling into creases.
Long-Lasting Wear – Keeps your makeup locked in place for extended hours, preventing smudging and fading.
Universal Shades – Expertly crafted to suit all skin tones, blending seamlessly for a flawless finish","Talc, Mica, Dimethicon, Vinyl Dimethicon, Crosspolymer And Silica, Potassium Sorbate, Color Additives-ci 77494","For Setting Makeup – Use a fluffy brush or powder puff to lightly dust over foundation and concealer for a locked-in, shine-free finish.
For Oil Control – Apply to the T-zone and oily areas throughout the day for instant touch-ups.
For a Natural Look – Wear alone on bare skin to blur imperfections and even out complexion.","Discontinue use if irritation occurs, FOR EXTERNAL USE ONLY",Experience the convenience of swift order fulfillment with our top-notch Shipping services.,
11,https://github.com/StaytunedLLP/itsme.fashion/issues/352,2j0ssMKrfg83R0eQ6ZtQ,face,Compact Powder,COM111,ITS-FAC-CPD-111-10G,Natural Beauty,111,#f7debe,"1,199",500,10 gms,Flowless in a flash,Say goodbye to unwanted shine and hello to a flawless matte finish with It's Me Compact Powder!,"Say goodbye to unwanted shine and hello to a flawless matte finish with It's Me Compact Powder! This ultra-lightweight formula absorbs excess oil, blurs imperfections, and sets your makeup for an all-day fresh, airbrushed look. Designed for all skin types, it offers a breathable, non-cakey feel that blends seamlessly for natural, even-toned skin. Whether you wear it alone or over foundation, expect a smooth, photo-ready finish that lasts! Available in versatile shades to match every skin tone.","Long-Lasting Oil Control – Absorbs excess oil for a shine-free look all day.
Flawless Matte Finish – Smooths skin texture, blurring pores & fine lines instantly.
Feather-Light & Breathable – Feels ultra-comfortable, never cakey or heavy.
Buildable, Custom Coverage – Wear it lightly for a natural look or layer for extra coverage.
Dermatologist-Tested & Suitable for All Skin Types – Gentle, non-clogging formula ideal for daily use","Talc, Calcium Carbonate, Titanium Dioxide, Zinc Oxide, Zinc Stearate, Kaolin, Dimithicone-350, Capryl Glycol, Octyl Methoxycinnamate (OMC), Magnesium Stearate, Tocopheryl Acetate, Aqua May Contain CI 77891, CI 77491, CI 77492, CI 77499","Use a soft brush or sponge to gently press the powder onto your skin.
Apply on T-zone (forehead, nose, chin) for the best oil control.
Wear alone for a fresh, natural look or over foundation for a flawless matte finish.
Reapply as needed throughout the day for touch-ups & extra oil absorption","Discontinue use if irritation occurs, FOR EXTERNAL USE ONLY",Experience the convenience of swift order fulfillment with our top-notch Shipping services.,
12,https://github.com/StaytunedLLP/itsme.fashion/issues/353,2j0ssMKrfg83R0eQ6ZtQ,face,Compact Powder,COM112,ITS-FAC-CPD-112-10G,Natural look,112,#e6c8aa,"1,199",500,10 gms,Flowless in a flash,Say goodbye to unwanted shine and hello to a flawless matte finish with It's Me Compact Powder!,"Say goodbye to unwanted shine and hello to a flawless matte finish with It's Me Compact Powder! This ultra-lightweight formula absorbs excess oil, blurs imperfections, and sets your makeup for an all-day fresh, airbrushed look. Designed for all skin types, it offers a breathable, non-cakey feel that blends seamlessly for natural, even-toned skin. Whether you wear it alone or over foundation, expect a smooth, photo-ready finish that lasts! Available in versatile shades to match every skin tone.","Long-Lasting Oil Control – Absorbs excess oil for a shine-free look all day.
Flawless Matte Finish – Smooths skin texture, blurring pores & fine lines instantly.
Feather-Light & Breathable – Feels ultra-comfortable, never cakey or heavy.
Buildable, Custom Coverage – Wear it lightly for a natural look or layer for extra coverage.
Dermatologist-Tested & Suitable for All Skin Types – Gentle, non-clogging formula ideal for daily use","Talc, Calcium Carbonate, Titanium Dioxide, Zinc Oxide, Zinc Stearate, Kaolin, Dimithicone-350, Capryl Glycol, Octyl Methoxycinnamate (OMC), Magnesium Stearate, Tocopheryl Acetate, Aqua May Contain CI 77891, CI 77491, CI 77492, CI 77500","Use a soft brush or sponge to gently press the powder onto your skin.
Apply on T-zone (forehead, nose, chin) for the best oil control.
Wear alone for a fresh, natural look or over foundation for a flawless matte finish.
Reapply as needed throughout the day for touch-ups & extra oil absorption","Discontinue use if irritation occurs, FOR EXTERNAL USE ONLY",Experience the convenience of swift order fulfillment with our top-notch Shipping services.,
13,https://github.com/StaytunedLLP/itsme.fashion/issues/354,2j0ssMKrfg83R0eQ6ZtQ,face,Compact Powder,COM113,ITS-FAC-CPD-113-10G,Desert Beige,113,#e0cbaf,"1,199",500,10 gms,Flowless in a flash,Say goodbye to unwanted shine and hello to a flawless matte finish with It's Me Compact Powder!,"Say goodbye to unwanted shine and hello to a flawless matte finish with It's Me Compact Powder! This ultra-lightweight formula absorbs excess oil, blurs imperfections, and sets your makeup for an all-day fresh, airbrushed look. Designed for all skin types, it offers a breathable, non-cakey feel that blends seamlessly for natural, even-toned skin. Whether you wear it alone or over foundation, expect a smooth, photo-ready finish that lasts! Available in versatile shades to match every skin tone.","Long-Lasting Oil Control – Absorbs excess oil for a shine-free look all day.
Flawless Matte Finish – Smooths skin texture, blurring pores & fine lines instantly.
Feather-Light & Breathable – Feels ultra-comfortable, never cakey or heavy.
Buildable, Custom Coverage – Wear it lightly for a natural look or layer for extra coverage.
Dermatologist-Tested & Suitable for All Skin Types – Gentle, non-clogging formula ideal for daily use","Talc, Calcium Carbonate, Titanium Dioxide, Zinc Oxide, Zinc Stearate, Kaolin, Dimithicone-350, Capryl Glycol, Octyl Methoxycinnamate (OMC), Magnesium Stearate, Tocopheryl Acetate, Aqua May Contain CI 77891, CI 77491, CI 77492, CI 77501","Use a soft brush or sponge to gently press the powder onto your skin.
Apply on T-zone (forehead, nose, chin) for the best oil control.
Wear alone for a fresh, natural look or over foundation for a flawless matte finish.
Reapply as needed throughout the day for touch-ups & extra oil absorption","Discontinue use if irritation occurs, FOR EXTERNAL USE ONLY",Experience the convenience of swift order fulfillment with our top-notch Shipping services.,
14,https://github.com/StaytunedLLP/itsme.fashion/issues/355,xMI8dEsVWeIveS2HloqO,lips,Liquid Matte Lipstick,LIQ101,ITS-LIP-LML-101-3ML,Baddie,101,#87402d,899,500,3.0 ml,Liquid love matte luck,Elevate your lip game with It's Me Liquid Lipstick—where intense pigment meets unmatched comfort.,"Elevate your lip game with It's Me Liquid Lipstick—where intense pigment meets unmatched comfort. This weightless formula glides on smoothly, drying to a luxurious matte-satin hybrid finish that stays put for hours. Unlike traditional mattes that feel dry or heavy, our hydrating infusion keeps your lips soft, plump, and flake-free. With transfer-proof and smudge-resistant technology, your lip color remains fresh and vibrant all day. Available in 10 stunning shades for every mood, skin tone, and occasion!","Intense One-Swipe Color – Highly pigmented formula for rich, full coverage in a single stroke.
Long-Wearing & Transfer-Proof – Smudge-resistant, kiss-proof, and fade-resistant for all-day confidence.
Ultra-Lightweight & Non-Drying – Feels breathable and comfortable, without cracking or flaking.
Hydration-Infused Formula – Enriched with moisture-lock technology to keep lips soft and nourished.
Precision Applicator – Specially designed wand for smooth, even application with zero mess.","Isopropyl Myristate, Castor Oil, Carnauba Wax, Kahl Wax, Titanium Dioxide, Mica, Fragrance, Vitamin E, Additive May Contain CI 42090/CI 77499/CI 19140/CI 77891/CI 77891","Start with clean, dry lips.
Use the precision applicator to outline lips, then fill in with bold color.
Allow to set for 10-15 seconds for a flawless matte-satin finish.
For a longer-lasting effect, exfoliate lips before application and avoid oily foods.","Discontinue use if irritation occurs, FOR EXTERNAL USE ONLY",Experience the convenience of swift order fulfillment with our top-notch Shipping services.,
15,https://github.com/StaytunedLLP/itsme.fashion/issues/356,xMI8dEsVWeIveS2HloqO,lips,Liquid Matte Lipstick,LIQ202,ITS-LIP-LML-202-3ML,Retro,202,#7a0c31,899,500,3.0 ml,Liquid love matte luck,Elevate your lip game with It's Me Liquid Lipstick—where intense pigment meets unmatched comfort.,"Elevate your lip game with It's Me Liquid Lipstick—where intense pigment meets unmatched comfort. This weightless formula glides on smoothly, drying to a luxurious matte-satin hybrid finish that stays put for hours. Unlike traditional mattes that feel dry or heavy, our hydrating infusion keeps your lips soft, plump, and flake-free. With transfer-proof and smudge-resistant technology, your lip color remains fresh and vibrant all day. Available in 10 stunning shades for every mood, skin tone, and occasion!","Intense One-Swipe Color – Highly pigmented formula for rich, full coverage in a single stroke.
Long-Wearing & Transfer-Proof – Smudge-resistant, kiss-proof, and fade-resistant for all-day confidence.
Ultra-Lightweight & Non-Drying – Feels breathable and comfortable, without cracking or flaking.
Hydration-Infused Formula – Enriched with moisture-lock technology to keep lips soft and nourished.
Precision Applicator – Specially designed wand for smooth, even application with zero mess.","Isopropyl Myristate, Castor Oil, Carnauba Wax, Kahl Wax, Titanium Dioxide, Mica, Fragrance, Vitamin E, Additive May Contain CI 42090/CI 77499/CI 19140/CI 77891/CI 77892","Start with clean, dry lips.
Use the precision applicator to outline lips, then fill in with bold color.
Allow to set for 10-15 seconds for a flawless matte-satin finish.
For a longer-lasting effect, exfoliate lips before application and avoid oily foods.","Discontinue use if irritation occurs, FOR EXTERNAL USE ONLY",Experience the convenience of swift order fulfillment with our top-notch Shipping services.,
16,https://github.com/StaytunedLLP/itsme.fashion/issues/357,xMI8dEsVWeIveS2HloqO,lips,Liquid Matte Lipstick,LIQ303,ITS-LIP-LML-303-3ML,Lychee,303,#913c3c,899,500,3.0 ml,Liquid love matte luck,Elevate your lip game with It's Me Liquid Lipstick—where intense pigment meets unmatched comfort.,"Elevate your lip game with It's Me Liquid Lipstick—where intense pigment meets unmatched comfort. This weightless formula glides on smoothly, drying to a luxurious matte-satin hybrid finish that stays put for hours. Unlike traditional mattes that feel dry or heavy, our hydrating infusion keeps your lips soft, plump, and flake-free. With transfer-proof and smudge-resistant technology, your lip color remains fresh and vibrant all day. Available in 10 stunning shades for every mood, skin tone, and occasion!","Intense One-Swipe Color – Highly pigmented formula for rich, full coverage in a single stroke.
Long-Wearing & Transfer-Proof – Smudge-resistant, kiss-proof, and fade-resistant for all-day confidence.
Ultra-Lightweight & Non-Drying – Feels breathable and comfortable, without cracking or flaking.
Hydration-Infused Formula – Enriched with moisture-lock technology to keep lips soft and nourished.
Precision Applicator – Specially designed wand for smooth, even application with zero mess.","Isopropyl Myristate, Castor Oil, Carnauba Wax, Kahl Wax, Titanium Dioxide, Mica, Fragrance, Vitamin E, Additive May Contain CI 42090/CI 77499/CI 19140/CI 77891/CI 77893","Start with clean, dry lips.
Use the precision applicator to outline lips, then fill in with bold color.
Allow to set for 10-15 seconds for a flawless matte-satin finish.
For a longer-lasting effect, exfoliate lips before application and avoid oily foods.","Discontinue use if irritation occurs, FOR EXTERNAL USE ONLY",Experience the convenience of swift order fulfillment with our top-notch Shipping services.,
17,https://github.com/StaytunedLLP/itsme.fashion/issues/358,xMI8dEsVWeIveS2HloqO,lips,Liquid Matte Lipstick,LIQ404,ITS-LIP-LML-404-3ML,Sedona,404,#590223,899,500,3.0 ml,Liquid love matte luck,Elevate your lip game with It's Me Liquid Lipstick—where intense pigment meets unmatched comfort.,"Elevate your lip game with It's Me Liquid Lipstick—where intense pigment meets unmatched comfort. This weightless formula glides on smoothly, drying to a luxurious matte-satin hybrid finish that stays put for hours. Unlike traditional mattes that feel dry or heavy, our hydrating infusion keeps your lips soft, plump, and flake-free. With transfer-proof and smudge-resistant technology, your lip color remains fresh and vibrant all day. Available in 10 stunning shades for every mood, skin tone, and occasion!","Intense One-Swipe Color – Highly pigmented formula for rich, full coverage in a single stroke.
Long-Wearing & Transfer-Proof – Smudge-resistant, kiss-proof, and fade-resistant for all-day confidence.
Ultra-Lightweight & Non-Drying – Feels breathable and comfortable, without cracking or flaking.
Hydration-Infused Formula – Enriched with moisture-lock technology to keep lips soft and nourished.
Precision Applicator – Specially designed wand for smooth, even application with zero mess.","Isopropyl Myristate, Castor Oil, Carnauba Wax, Kahl Wax, Titanium Dioxide, Mica, Fragrance, Vitamin E, Additive May Contain CI 42090/CI 77499/CI 19140/CI 77891/CI 77894","Start with clean, dry lips.
Use the precision applicator to outline lips, then fill in with bold color.
Allow to set for 10-15 seconds for a flawless matte-satin finish.
For a longer-lasting effect, exfoliate lips before application and avoid oily foods.","Discontinue use if irritation occurs, FOR EXTERNAL USE ONLY",Experience the convenience of swift order fulfillment with our top-notch Shipping services.,
18,https://github.com/StaytunedLLP/itsme.fashion/issues/359,xMI8dEsVWeIveS2HloqO,lips,Liquid Matte Lipstick,LIQ505,ITS-LIP-LML-505-3ML,Jam,505,#803442,899,500,3.0 ml,Liquid love matte luck,Elevate your lip game with It's Me Liquid Lipstick—where intense pigment meets unmatched comfort.,"Elevate your lip game with It's Me Liquid Lipstick—where intense pigment meets unmatched comfort. This weightless formula glides on smoothly, drying to a luxurious matte-satin hybrid finish that stays put for hours. Unlike traditional mattes that feel dry or heavy, our hydrating infusion keeps your lips soft, plump, and flake-free. With transfer-proof and smudge-resistant technology, your lip color remains fresh and vibrant all day. Available in 10 stunning shades for every mood, skin tone, and occasion!","Intense One-Swipe Color – Highly pigmented formula for rich, full coverage in a single stroke.
Long-Wearing & Transfer-Proof – Smudge-resistant, kiss-proof, and fade-resistant for all-day confidence.
Ultra-Lightweight & Non-Drying – Feels breathable and comfortable, without cracking or flaking.
Hydration-Infused Formula – Enriched with moisture-lock technology to keep lips soft and nourished.
Precision Applicator – Specially designed wand for smooth, even application with zero mess.","Isopropyl Myristate, Castor Oil, Carnauba Wax, Kahl Wax, Titanium Dioxide, Mica, Fragrance, Vitamin E, Additive May Contain CI 42090/CI 77499/CI 19140/CI 77891/CI 77895","Start with clean, dry lips.
Use the precision applicator to outline lips, then fill in with bold color.
Allow to set for 10-15 seconds for a flawless matte-satin finish.
For a longer-lasting effect, exfoliate lips before application and avoid oily foods.","Discontinue use if irritation occurs, FOR EXTERNAL USE ONLY",Experience the convenience of swift order fulfillment with our top-notch Shipping services.,
19,https://github.com/StaytunedLLP/itsme.fashion/issues/360,xMI8dEsVWeIveS2HloqO,lips,Liquid Matte Lipstick,LIQ606,ITS-LIP-LML-606-3ML,Rosebud,606,#8f0722,899,500,3.0 ml,Liquid love matte luck,Elevate your lip game with It's Me Liquid Lipstick—where intense pigment meets unmatched comfort.,"Elevate your lip game with It's Me Liquid Lipstick—where intense pigment meets unmatched comfort. This weightless formula glides on smoothly, drying to a luxurious matte-satin hybrid finish that stays put for hours. Unlike traditional mattes that feel dry or heavy, our hydrating infusion keeps your lips soft, plump, and flake-free. With transfer-proof and smudge-resistant technology, your lip color remains fresh and vibrant all day. Available in 10 stunning shades for every mood, skin tone, and occasion!","Intense One-Swipe Color – Highly pigmented formula for rich, full coverage in a single stroke.
Long-Wearing & Transfer-Proof – Smudge-resistant, kiss-proof, and fade-resistant for all-day confidence.
Ultra-Lightweight & Non-Drying – Feels breathable and comfortable, without cracking or flaking.
Hydration-Infused Formula – Enriched with moisture-lock technology to keep lips soft and nourished.
Precision Applicator – Specially designed wand for smooth, even application with zero mess.","Isopropyl Myristate, Castor Oil, Carnauba Wax, Kahl Wax, Titanium Dioxide, Mica, Fragrance, Vitamin E, Additive May Contain CI 42090/CI 77499/CI 19140/CI 77891/CI 77896","Start with clean, dry lips.
Use the precision applicator to outline lips, then fill in with bold color.
Allow to set for 10-15 seconds for a flawless matte-satin finish.
For a longer-lasting effect, exfoliate lips before application and avoid oily foods.","Discontinue use if irritation occurs, FOR EXTERNAL USE ONLY",Experience the convenience of swift order fulfillment with our top-notch Shipping services.,
20,https://github.com/StaytunedLLP/itsme.fashion/issues/361,xMI8dEsVWeIveS2HloqO,lips,Liquid Matte Lipstick,LIQ707,ITS-LIP-LML-707-3ML,Libra,707,#8c4151,899,500,3.0 ml,Liquid love matte luck,Elevate your lip game with It's Me Liquid Lipstick—where intense pigment meets unmatched comfort.,"Elevate your lip game with It's Me Liquid Lipstick—where intense pigment meets unmatched comfort. This weightless formula glides on smoothly, drying to a luxurious matte-satin hybrid finish that stays put for hours. Unlike traditional mattes that feel dry or heavy, our hydrating infusion keeps your lips soft, plump, and flake-free. With transfer-proof and smudge-resistant technology, your lip color remains fresh and vibrant all day. Available in 10 stunning shades for every mood, skin tone, and occasion!","Intense One-Swipe Color – Highly pigmented formula for rich, full coverage in a single stroke.
Long-Wearing & Transfer-Proof – Smudge-resistant, kiss-proof, and fade-resistant for all-day confidence.
Ultra-Lightweight & Non-Drying – Feels breathable and comfortable, without cracking or flaking.
Hydration-Infused Formula – Enriched with moisture-lock technology to keep lips soft and nourished.
Precision Applicator – Specially designed wand for smooth, even application with zero mess.","Isopropyl Myristate, Castor Oil, Carnauba Wax, Kahl Wax, Titanium Dioxide, Mica, Fragrance, Vitamin E, Additive May Contain CI 42090/CI 77499/CI 19140/CI 77891/CI 77897","Start with clean, dry lips.
Use the precision applicator to outline lips, then fill in with bold color.
Allow to set for 10-15 seconds for a flawless matte-satin finish.
For a longer-lasting effect, exfoliate lips before application and avoid oily foods.","Discontinue use if irritation occurs, FOR EXTERNAL USE ONLY",Experience the convenience of swift order fulfillment with our top-notch Shipping services.,
21,https://github.com/StaytunedLLP/itsme.fashion/issues/362,xMI8dEsVWeIveS2HloqO,lips,Liquid Matte Lipstick,LIQ808,ITS-LIP-LML-808-3ML,Baci,808,#8a424f,899,500,3.0 ml,Liquid love matte luck,Elevate your lip game with It's Me Liquid Lipstick—where intense pigment meets unmatched comfort.,"Elevate your lip game with It's Me Liquid Lipstick—where intense pigment meets unmatched comfort. This weightless formula glides on smoothly, drying to a luxurious matte-satin hybrid finish that stays put for hours. Unlike traditional mattes that feel dry or heavy, our hydrating infusion keeps your lips soft, plump, and flake-free. With transfer-proof and smudge-resistant technology, your lip color remains fresh and vibrant all day. Available in 10 stunning shades for every mood, skin tone, and occasion!","Intense One-Swipe Color – Highly pigmented formula for rich, full coverage in a single stroke.
Long-Wearing & Transfer-Proof – Smudge-resistant, kiss-proof, and fade-resistant for all-day confidence.
Ultra-Lightweight & Non-Drying – Feels breathable and comfortable, without cracking or flaking.
Hydration-Infused Formula – Enriched with moisture-lock technology to keep lips soft and nourished.
Precision Applicator – Specially designed wand for smooth, even application with zero mess.","Isopropyl Myristate, Castor Oil, Carnauba Wax, Kahl Wax, Titanium Dioxide, Mica, Fragrance, Vitamin E, Additive May Contain CI 42090/CI 77499/CI 19140/CI 77891/CI 77898","Start with clean, dry lips.
Use the precision applicator to outline lips, then fill in with bold color.
Allow to set for 10-15 seconds for a flawless matte-satin finish.
For a longer-lasting effect, exfoliate lips before application and avoid oily foods.","Discontinue use if irritation occurs, FOR EXTERNAL USE ONLY",Experience the convenience of swift order fulfillment with our top-notch Shipping services.,
22,https://github.com/StaytunedLLP/itsme.fashion/issues/363,xMI8dEsVWeIveS2HloqO,lips,Liquid Matte Lipstick,LIQ909,ITS-LIP-LML-909-3ML,IF Only,909,#661e1e,899,500,3.0 ml,Liquid love matte luck,Elevate your lip game with It's Me Liquid Lipstick—where intense pigment meets unmatched comfort.,"Elevate your lip game with It's Me Liquid Lipstick—where intense pigment meets unmatched comfort. This weightless formula glides on smoothly, drying to a luxurious matte-satin hybrid finish that stays put for hours. Unlike traditional mattes that feel dry or heavy, our hydrating infusion keeps your lips soft, plump, and flake-free. With transfer-proof and smudge-resistant technology, your lip color remains fresh and vibrant all day. Available in 10 stunning shades for every mood, skin tone, and occasion!","Intense One-Swipe Color – Highly pigmented formula for rich, full coverage in a single stroke.
Long-Wearing & Transfer-Proof – Smudge-resistant, kiss-proof, and fade-resistant for all-day confidence.
Ultra-Lightweight & Non-Drying – Feels breathable and comfortable, without cracking or flaking.
Hydration-Infused Formula – Enriched with moisture-lock technology to keep lips soft and nourished.
Precision Applicator – Specially designed wand for smooth, even application with zero mess.","Isopropyl Myristate, Castor Oil, Carnauba Wax, Kahl Wax, Titanium Dioxide, Mica, Fragrance, Vitamin E, Additive May Contain CI 42090/CI 77499/CI 19140/CI 77891/CI 77899","Start with clean, dry lips.
Use the precision applicator to outline lips, then fill in with bold color.
Allow to set for 10-15 seconds for a flawless matte-satin finish.
For a longer-lasting effect, exfoliate lips before application and avoid oily foods.","Discontinue use if irritation occurs, FOR EXTERNAL USE ONLY",Experience the convenience of swift order fulfillment with our top-notch Shipping services.,
23,https://github.com/StaytunedLLP/itsme.fashion/issues/364,oA6T55AFguCQqNRpeK3O,lips,Satin Matte Lipstick,SMBL01,ITS-LIP-SML-01-2.5G,Vibrant Pink,1,#d42c56,"1,099",500,2.5 gm,Pouty Perfection,Experience the perfect harmony of rich pigmentation and velvety texture with It's Me Satin Matte Bullet Lipstick.,"Experience the perfect harmony of rich pigmentation and velvety texture with It's Me Satin Matte Bullet Lipstick. Designed for beauty lovers who crave a bold matte finish without dryness, this lipstick glides effortlessly, delivering full-coverage color in just one swipe. The nourishing formula keeps lips soft, ensuring a smooth and comfortable wear all day. Available in stunning shades that suit every mood and occasion!","Highly Pigmented Formula – Rich, intense color payoff in a single stroke.
Velvet Matte Finish – A non-drying, creamy matte texture that feels ultra-light on lips.
Long-Lasting Wear – Smudge-resistant formula that stays put for hours.
Hydration-Infused Comfort – Packed with moisturizing ingredients to prevent flaking and dryness.
Versatile Shade Range – From everyday neutrals to show-stopping reds, find your perfect match!","castor oil, carnauba wax, ozokerite wax, caprylic caprylic triglycerides candelilla wax, cetyl alcohol, vitamin e fragrance, additive may contain ci 42090 ci 19140 / ci 77891/ ci 77499/ ci 77492 / ci15850 / c1175470/ ci 77681/ ci177019","Apply directly from the bullet for a bold look or dab with a brush for a soft, diffused effect.
For enhanced precision, outline lips with a liner before application.","Discontinue use if irritation occurs, FOR EXTERNAL USE ONLY",Experience the convenience of swift order fulfillment with our top-notch Shipping services.,
24,https://github.com/StaytunedLLP/itsme.fashion/issues/365,oA6T55AFguCQqNRpeK3O,lips,Satin Matte Lipstick,SMBL02,ITS-LIP-SML-02-2.5G,Hot Red,2,#ab0e25,"1,099",500,2.5 gm,Pouty Perfection,Experience the perfect harmony of rich pigmentation and velvety texture with It's Me Satin Matte Bullet Lipstick.,"Experience the perfect harmony of rich pigmentation and velvety texture with It's Me Satin Matte Bullet Lipstick. Designed for beauty lovers who crave a bold matte finish without dryness, this lipstick glides effortlessly, delivering full-coverage color in just one swipe. The nourishing formula keeps lips soft, ensuring a smooth and comfortable wear all day. Available in stunning shades that suit every mood and occasion!","Highly Pigmented Formula – Rich, intense color payoff in a single stroke.
Velvet Matte Finish – A non-drying, creamy matte texture that feels ultra-light on lips.
Long-Lasting Wear – Smudge-resistant formula that stays put for hours.
Hydration-Infused Comfort – Packed with moisturizing ingredients to prevent flaking and dryness.
Versatile Shade Range – From everyday neutrals to show-stopping reds, find your perfect match!","castor oil, carnauba wax, ozokerite wax, caprylic caprylic triglycerides candelilla wax, cetyl alcohol, vitamin e fragrance, additive may contain ci 42090 ci 19140 / ci 77891/ ci 77499/ ci 77492 / ci15850 / c1175470/ ci 77681/ ci177020","Apply directly from the bullet for a bold look or dab with a brush for a soft, diffused effect.
For enhanced precision, outline lips with a liner before application.","Discontinue use if irritation occurs, FOR EXTERNAL USE ONLY",Experience the convenience of swift order fulfillment with our top-notch Shipping services.,
25,https://github.com/StaytunedLLP/itsme.fashion/issues/366,oA6T55AFguCQqNRpeK3O,lips,Satin Matte Lipstick,SMBL03,ITS-LIP-SML-03-2.5G,Crimson,3,#420b26,"1,099",500,2.5 gm,Pouty Perfection,Experience the perfect harmony of rich pigmentation and velvety texture with It's Me Satin Matte Bullet Lipstick.,"Experience the perfect harmony of rich pigmentation and velvety texture with It's Me Satin Matte Bullet Lipstick. Designed for beauty lovers who crave a bold matte finish without dryness, this lipstick glides effortlessly, delivering full-coverage color in just one swipe. The nourishing formula keeps lips soft, ensuring a smooth and comfortable wear all day. Available in stunning shades that suit every mood and occasion!","Highly Pigmented Formula – Rich, intense color payoff in a single stroke.
Velvet Matte Finish – A non-drying, creamy matte texture that feels ultra-light on lips.
Long-Lasting Wear – Smudge-resistant formula that stays put for hours.
Hydration-Infused Comfort – Packed with moisturizing ingredients to prevent flaking and dryness.
Versatile Shade Range – From everyday neutrals to show-stopping reds, find your perfect match!","castor oil, carnauba wax, ozokerite wax, caprylic caprylic triglycerides candelilla wax, cetyl alcohol, vitamin e fragrance, additive may contain ci 42090 ci 19140 / ci 77891/ ci 77499/ ci 77492 / ci15850 / c1175470/ ci 77681/ ci177021","Apply directly from the bullet for a bold look or dab with a brush for a soft, diffused effect.
For enhanced precision, outline lips with a liner before application.","Discontinue use if irritation occurs, FOR EXTERNAL USE ONLY",Experience the convenience of swift order fulfillment with our top-notch Shipping services.,
26,https://github.com/StaytunedLLP/itsme.fashion/issues/367,oA6T55AFguCQqNRpeK3O,lips,Satin Matte Lipstick,SMBL04,ITS-LIP-SML-04-2.5G,Flesh,4,#634b4b,"1,099",500,2.5 gm,Pouty Perfection,Experience the perfect harmony of rich pigmentation and velvety texture with It's Me Satin Matte Bullet Lipstick.,"Experience the perfect harmony of rich pigmentation and velvety texture with It's Me Satin Matte Bullet Lipstick. Designed for beauty lovers who crave a bold matte finish without dryness, this lipstick glides effortlessly, delivering full-coverage color in just one swipe. The nourishing formula keeps lips soft, ensuring a smooth and comfortable wear all day. Available in stunning shades that suit every mood and occasion!","Highly Pigmented Formula – Rich, intense color payoff in a single stroke.
Velvet Matte Finish – A non-drying, creamy matte texture that feels ultra-light on lips.
Long-Lasting Wear – Smudge-resistant formula that stays put for hours.
Hydration-Infused Comfort – Packed with moisturizing ingredients to prevent flaking and dryness.
Versatile Shade Range – From everyday neutrals to show-stopping reds, find your perfect match!","castor oil, carnauba wax, ozokerite wax, caprylic caprylic triglycerides candelilla wax, cetyl alcohol, vitamin e fragrance, additive may contain ci 42090 ci 19140 / ci 77891/ ci 77499/ ci 77492 / ci15850 / c1175470/ ci 77681/ ci177022","Apply directly from the bullet for a bold look or dab with a brush for a soft, diffused effect.
For enhanced precision, outline lips with a liner before application.","Discontinue use if irritation occurs, FOR EXTERNAL USE ONLY",Experience the convenience of swift order fulfillment with our top-notch Shipping services.,
27,https://github.com/StaytunedLLP/itsme.fashion/issues/368,oA6T55AFguCQqNRpeK3O,lips,Satin Matte Lipstick,SMBL05,ITS-LIP-SML-05-2.5G,Marlot,5,#522632,"1,099",500,2.5 gm,Pouty Perfection,Experience the perfect harmony of rich pigmentation and velvety texture with It's Me Satin Matte Bullet Lipstick.,"Experience the perfect harmony of rich pigmentation and velvety texture with It's Me Satin Matte Bullet Lipstick. Designed for beauty lovers who crave a bold matte finish without dryness, this lipstick glides effortlessly, delivering full-coverage color in just one swipe. The nourishing formula keeps lips soft, ensuring a smooth and comfortable wear all day. Available in stunning shades that suit every mood and occasion!","Highly Pigmented Formula – Rich, intense color payoff in a single stroke.
Velvet Matte Finish – A non-drying, creamy matte texture that feels ultra-light on lips.
Long-Lasting Wear – Smudge-resistant formula that stays put for hours.
Hydration-Infused Comfort – Packed with moisturizing ingredients to prevent flaking and dryness.
Versatile Shade Range – From everyday neutrals to show-stopping reds, find your perfect match!","castor oil, carnauba wax, ozokerite wax, caprylic caprylic triglycerides candelilla wax, cetyl alcohol, vitamin e fragrance, additive may contain ci 42090 ci 19140 / ci 77891/ ci 77499/ ci 77492 / ci15850 / c1175470/ ci 77681/ ci177023","Apply directly from the bullet for a bold look or dab with a brush for a soft, diffused effect.
For enhanced precision, outline lips with a liner before application.","Discontinue use if irritation occurs, FOR EXTERNAL USE ONLY",Experience the convenience of swift order fulfillment with our top-notch Shipping services.,
28,https://github.com/StaytunedLLP/itsme.fashion/issues/369,oA6T55AFguCQqNRpeK3O,lips,Satin Matte Lipstick,SMBL06,ITS-LIP-SML-06-2.5G,Bisque,6,#361f0d,"1,099",500,2.5 gm,Pouty Perfection,Experience the perfect harmony of rich pigmentation and velvety texture with It's Me Satin Matte Bullet Lipstick.,"Experience the perfect harmony of rich pigmentation and velvety texture with It's Me Satin Matte Bullet Lipstick. Designed for beauty lovers who crave a bold matte finish without dryness, this lipstick glides effortlessly, delivering full-coverage color in just one swipe. The nourishing formula keeps lips soft, ensuring a smooth and comfortable wear all day. Available in stunning shades that suit every mood and occasion!","Highly Pigmented Formula – Rich, intense color payoff in a single stroke.
Velvet Matte Finish – A non-drying, creamy matte texture that feels ultra-light on lips.
Long-Lasting Wear – Smudge-resistant formula that stays put for hours.
Hydration-Infused Comfort – Packed with moisturizing ingredients to prevent flaking and dryness.
Versatile Shade Range – From everyday neutrals to show-stopping reds, find your perfect match!","castor oil, carnauba wax, ozokerite wax, caprylic caprylic triglycerides candelilla wax, cetyl alcohol, vitamin e fragrance, additive may contain ci 42090 ci 19140 / ci 77891/ ci 77499/ ci 77492 / ci15850 / c1175470/ ci 77681/ ci177024","Apply directly from the bullet for a bold look or dab with a brush for a soft, diffused effect.
For enhanced precision, outline lips with a liner before application.","Discontinue use if irritation occurs, FOR EXTERNAL USE ONLY",Experience the convenience of swift order fulfillment with our top-notch Shipping services.,
29,https://github.com/StaytunedLLP/itsme.fashion/issues/370,oA6T55AFguCQqNRpeK3O,lips,Satin Matte Lipstick,SMBL07,ITS-LIP-SML-07-2.5G,Rosemist,7,#945353,"1,099",500,2.5 gm,Pouty Perfection,Experience the perfect harmony of rich pigmentation and velvety texture with It's Me Satin Matte Bullet Lipstick.,"Experience the perfect harmony of rich pigmentation and velvety texture with It's Me Satin Matte Bullet Lipstick. Designed for beauty lovers who crave a bold matte finish without dryness, this lipstick glides effortlessly, delivering full-coverage color in just one swipe. The nourishing formula keeps lips soft, ensuring a smooth and comfortable wear all day. Available in stunning shades that suit every mood and occasion!","Highly Pigmented Formula – Rich, intense color payoff in a single stroke.
Velvet Matte Finish – A non-drying, creamy matte texture that feels ultra-light on lips.
Long-Lasting Wear – Smudge-resistant formula that stays put for hours.
Hydration-Infused Comfort – Packed with moisturizing ingredients to prevent flaking and dryness.
Versatile Shade Range – From everyday neutrals to show-stopping reds, find your perfect match!","castor oil, carnauba wax, ozokerite wax, caprylic caprylic triglycerides candelilla wax, cetyl alcohol, vitamin e fragrance, additive may contain ci 42090 ci 19140 / ci 77891/ ci 77499/ ci 77492 / ci15850 / c1175470/ ci 77681/ ci177025","Apply directly from the bullet for a bold look or dab with a brush for a soft, diffused effect.
For enhanced precision, outline lips with a liner before application.","Discontinue use if irritation occurs, FOR EXTERNAL USE ONLY",Experience the convenience of swift order fulfillment with our top-notch Shipping services.,
30,https://github.com/StaytunedLLP/itsme.fashion/issues/371,oA6T55AFguCQqNRpeK3O,lips,Satin Matte Lipstick,SMBL08,ITS-LIP-SML-08-2.5G,Scarlet,8,#a83636,"1,099",500,2.5 gm,Pouty Perfection,Experience the perfect harmony of rich pigmentation and velvety texture with It's Me Satin Matte Bullet Lipstick.,"Experience the perfect harmony of rich pigmentation and velvety texture with It's Me Satin Matte Bullet Lipstick. Designed for beauty lovers who crave a bold matte finish without dryness, this lipstick glides effortlessly, delivering full-coverage color in just one swipe. The nourishing formula keeps lips soft, ensuring a smooth and comfortable wear all day. Available in stunning shades that suit every mood and occasion!","Highly Pigmented Formula – Rich, intense color payoff in a single stroke.
Velvet Matte Finish – A non-drying, creamy matte texture that feels ultra-light on lips.
Long-Lasting Wear – Smudge-resistant formula that stays put for hours.
Hydration-Infused Comfort – Packed with moisturizing ingredients to prevent flaking and dryness.
Versatile Shade Range – From everyday neutrals to show-stopping reds, find your perfect match!","castor oil, carnauba wax, ozokerite wax, caprylic caprylic triglycerides candelilla wax, cetyl alcohol, vitamin e fragrance, additive may contain ci 42090 ci 19140 / ci 77891/ ci 77499/ ci 77492 / ci15850 / c1175470/ ci 77681/ ci177026","Apply directly from the bullet for a bold look or dab with a brush for a soft, diffused effect.
For enhanced precision, outline lips with a liner before application.","Discontinue use if irritation occurs, FOR EXTERNAL USE ONLY",Experience the convenience of swift order fulfillment with our top-notch Shipping services.,
31,https://github.com/StaytunedLLP/itsme.fashion/issues/372,oA6T55AFguCQqNRpeK3O,lips,Satin Matte Lipstick,SMBL09,ITS-LIP-SML-09-2.5G,Baby Rose,9,#b04a78,"1,099",500,2.5 gm,Pouty Perfection,Experience the perfect harmony of rich pigmentation and velvety texture with It's Me Satin Matte Bullet Lipstick.,"Experience the perfect harmony of rich pigmentation and velvety texture with It's Me Satin Matte Bullet Lipstick. Designed for beauty lovers who crave a bold matte finish without dryness, this lipstick glides effortlessly, delivering full-coverage color in just one swipe. The nourishing formula keeps lips soft, ensuring a smooth and comfortable wear all day. Available in stunning shades that suit every mood and occasion!","Highly Pigmented Formula – Rich, intense color payoff in a single stroke.
Velvet Matte Finish – A non-drying, creamy matte texture that feels ultra-light on lips.
Long-Lasting Wear – Smudge-resistant formula that stays put for hours.
Hydration-Infused Comfort – Packed with moisturizing ingredients to prevent flaking and dryness.
Versatile Shade Range – From everyday neutrals to show-stopping reds, find your perfect match!","castor oil, carnauba wax, ozokerite wax, caprylic caprylic triglycerides candelilla wax, cetyl alcohol, vitamin e fragrance, additive may contain ci 42090 ci 19140 / ci 77891/ ci 77499/ ci 77492 / ci15850 / c1175470/ ci 77681/ ci177027","Apply directly from the bullet for a bold look or dab with a brush for a soft, diffused effect.
For enhanced precision, outline lips with a liner before application.","Discontinue use if irritation occurs, FOR EXTERNAL USE ONLY",Experience the convenience of swift order fulfillment with our top-notch Shipping services.,
32,https://github.com/StaytunedLLP/itsme.fashion/issues/373,oA6T55AFguCQqNRpeK3O,lips,Satin Matte Lipstick,SMBL10,ITS-LIP-SML-10-2.5G,Star Dust,10,#874d3a,"1,099",500,2.5 gm,Pouty Perfection,Experience the perfect harmony of rich pigmentation and velvety texture with It's Me Satin Matte Bullet Lipstick.,"Experience the perfect harmony of rich pigmentation and velvety texture with It's Me Satin Matte Bullet Lipstick. Designed for beauty lovers who crave a bold matte finish without dryness, this lipstick glides effortlessly, delivering full-coverage color in just one swipe. The nourishing formula keeps lips soft, ensuring a smooth and comfortable wear all day. Available in stunning shades that suit every mood and occasion!","Highly Pigmented Formula – Rich, intense color payoff in a single stroke.
Velvet Matte Finish – A non-drying, creamy matte texture that feels ultra-light on lips.
Long-Lasting Wear – Smudge-resistant formula that stays put for hours.
Hydration-Infused Comfort – Packed with moisturizing ingredients to prevent flaking and dryness.
Versatile Shade Range – From everyday neutrals to show-stopping reds, find your perfect match!","castor oil, carnauba wax, ozokerite wax, caprylic caprylic triglycerides candelilla wax, cetyl alcohol, vitamin e fragrance, additive may contain ci 42090 ci 19140 / ci 77891/ ci 77499/ ci 77492 / ci15850 / c1175470/ ci 77681/ ci177028","Apply directly from the bullet for a bold look or dab with a brush for a soft, diffused effect.
For enhanced precision, outline lips with a liner before application.","Discontinue use if irritation occurs, FOR EXTERNAL USE ONLY",Experience the convenience of swift order fulfillment with our top-notch Shipping services.,
33,https://github.com/StaytunedLLP/itsme.fashion/issues/374,k22NuLsdpgSdZXBq5utI,lips,Shine On All Day Long Matte Lipstick,SHALD01,ITS-LIP-SOM-01-2G,Sugar Baby,1,#ba735f,1299,500,2.0 gms,"Shine On All Day Long
","Say hello to luminous, high-shine lips that stay hydrated and vibrant all day long!","Say hello to luminous, high-shine lips that stay hydrated and vibrant all day long! It's Me Shine On All Day Long Lipstick combines rich, Matte color with a feather-light formula that feels as good as it looks. Unlike traditional Matte lipsticks that fade quickly, our long-lasting, non-sticky formula ensures plush, kissable lips with intense hydration. Whether you love soft nudes, classic reds, or bold hues, there’s a perfect shade for every mood and occasion!","Deep Hydration – Infused with moisturizing ingredients to keep lips soft & nourished.
High-Pigment, One-Swipe Color – Rich, vibrant shades that apply smoothly & evenly.
Non-Sticky & Lightweight – Silky, comfortable wear without any tackiness.
Versatile Wear – Wear alone for a glossy, radiant look or layer over matte lipstick for added shine.","Castor oil, Octyldodecanol, Mica, Isopropyl Myristate, Caprylic Capric Triglyceride, Ethyl Hexyl Palmitate, Ceresin wax, Candelilla Wax, Carnauba Wax, Microcrystalline Wax, Ozokerite Wax, Hydrogenated Polyisobutane, Shea Butter, Argan Oil, Saffron Oil, Vitamin E, Silica, Pentaerythrityl Tetra-di-t-butyl Hydroxyhydrocinnamate May Contain Lake & Oxide colors","Glide directly onto clean, dry lips for an instant glossy finish.
For extra intensity, apply a second coat.
Use over a matte lipstick for a hydrated, glossy effect.
Reapply as needed to maintain shine & hydration throughout the day.","Discontinue use if irritation occurs, FOR EXTERNAL USE ONLY",Experience the convenience of swift order fulfillment with our top-notch Shipping services.,
34,https://github.com/StaytunedLLP/itsme.fashion/issues/375,k22NuLsdpgSdZXBq5utI,lips,Shine On All Day Long Matte Lipstick,SHALD02,ITS-LIP-SOM-02-2G,Rosso,2,#9e0e32,1299,500,2.0 gms,"Shine On All Day Long
","Say hello to luminous, high-shine lips that stay hydrated and vibrant all day long!","Say hello to luminous, high-shine lips that stay hydrated and vibrant all day long! It's Me Shine On All Day Long Lipstick combines rich, Matte color with a feather-light formula that feels as good as it looks. Unlike traditional Matte lipsticks that fade quickly, our long-lasting, non-sticky formula ensures plush, kissable lips with intense hydration. Whether you love soft nudes, classic reds, or bold hues, there’s a perfect shade for every mood and occasion!","Deep Hydration – Infused with moisturizing ingredients to keep lips soft & nourished.
High-Pigment, One-Swipe Color – Rich, vibrant shades that apply smoothly & evenly.
Non-Sticky & Lightweight – Silky, comfortable wear without any tackiness.
Versatile Wear – Wear alone for a glossy, radiant look or layer over matte lipstick for added shine.","Castor oil, Octyldodecanol, Mica, Isopropyl Myristate, Caprylic Capric Triglyceride, Ethyl Hexyl Palmitate, Ceresin wax, Candelilla Wax, Carnauba Wax, Microcrystalline Wax, Ozokerite Wax, Hydrogenated Polyisobutane, Shea Butter, Argan Oil, Saffron Oil, Vitamin E, Silica, Pentaerythrityl Tetra-di-t-butyl Hydroxyhydrocinnamate May Contain Lake & Oxide colors","Glide directly onto clean, dry lips for an instant glossy finish.
For extra intensity, apply a second coat.
Use over a matte lipstick for a hydrated, glossy effect.
Reapply as needed to maintain shine & hydration throughout the day.","Discontinue use if irritation occurs, FOR EXTERNAL USE ONLY",Experience the convenience of swift order fulfillment with our top-notch Shipping services.,
35,https://github.com/StaytunedLLP/itsme.fashion/issues/376,k22NuLsdpgSdZXBq5utI,lips,Shine On All Day Long Matte Lipstick,SHALD03,ITS-LIP-SOM-03-2G,Lily,3,#94416e,1299,500,2.0 gms,"Shine On All Day Long
","Say hello to luminous, high-shine lips that stay hydrated and vibrant all day long!","Say hello to luminous, high-shine lips that stay hydrated and vibrant all day long! It's Me Shine On All Day Long Lipstick combines rich, Matte color with a feather-light formula that feels as good as it looks. Unlike traditional Matte lipsticks that fade quickly, our long-lasting, non-sticky formula ensures plush, kissable lips with intense hydration. Whether you love soft nudes, classic reds, or bold hues, there’s a perfect shade for every mood and occasion!","Deep Hydration – Infused with moisturizing ingredients to keep lips soft & nourished.
High-Pigment, One-Swipe Color – Rich, vibrant shades that apply smoothly & evenly.
Non-Sticky & Lightweight – Silky, comfortable wear without any tackiness.
Versatile Wear – Wear alone for a glossy, radiant look or layer over matte lipstick for added shine.","Castor oil, Octyldodecanol, Mica, Isopropyl Myristate, Caprylic Capric Triglyceride, Ethyl Hexyl Palmitate, Ceresin wax, Candelilla Wax, Carnauba Wax, Microcrystalline Wax, Ozokerite Wax, Hydrogenated Polyisobutane, Shea Butter, Argan Oil, Saffron Oil, Vitamin E, Silica, Pentaerythrityl Tetra-di-t-butyl Hydroxyhydrocinnamate May Contain Lake & Oxide colors","Glide directly onto clean, dry lips for an instant glossy finish.
For extra intensity, apply a second coat.
Use over a matte lipstick for a hydrated, glossy effect.
Reapply as needed to maintain shine & hydration throughout the day.","Discontinue use if irritation occurs, FOR EXTERNAL USE ONLY",Experience the convenience of swift order fulfillment with our top-notch Shipping services.,
36,https://github.com/StaytunedLLP/itsme.fashion/issues/377,k22NuLsdpgSdZXBq5utI,lips,Shine On All Day Long Matte Lipstick,SHALD04,ITS-LIP-SOM-04-2G,Blossom,4,#b36a66,1299,500,2.0 gms,"Shine On All Day Long
","Say hello to luminous, high-shine lips that stay hydrated and vibrant all day long!","Say hello to luminous, high-shine lips that stay hydrated and vibrant all day long! It's Me Shine On All Day Long Lipstick combines rich, Matte color with a feather-light formula that feels as good as it looks. Unlike traditional Matte lipsticks that fade quickly, our long-lasting, non-sticky formula ensures plush, kissable lips with intense hydration. Whether you love soft nudes, classic reds, or bold hues, there’s a perfect shade for every mood and occasion!","Deep Hydration – Infused with moisturizing ingredients to keep lips soft & nourished.
High-Pigment, One-Swipe Color – Rich, vibrant shades that apply smoothly & evenly.
Non-Sticky & Lightweight – Silky, comfortable wear without any tackiness.
Versatile Wear – Wear alone for a glossy, radiant look or layer over matte lipstick for added shine.","Castor oil, Octyldodecanol, Mica, Isopropyl Myristate, Caprylic Capric Triglyceride, Ethyl Hexyl Palmitate, Ceresin wax, Candelilla Wax, Carnauba Wax, Microcrystalline Wax, Ozokerite Wax, Hydrogenated Polyisobutane, Shea Butter, Argan Oil, Saffron Oil, Vitamin E, Silica, Pentaerythrityl Tetra-di-t-butyl Hydroxyhydrocinnamate May Contain Lake & Oxide colors","Glide directly onto clean, dry lips for an instant glossy finish.
For extra intensity, apply a second coat.
Use over a matte lipstick for a hydrated, glossy effect.
Reapply as needed to maintain shine & hydration throughout the day.","Discontinue use if irritation occurs, FOR EXTERNAL USE ONLY",Experience the convenience of swift order fulfillment with our top-notch Shipping services.,
37,https://github.com/StaytunedLLP/itsme.fashion/issues/378,k22NuLsdpgSdZXBq5utI,lips,Shine On All Day Long Matte Lipstick,SHALD05,ITS-LIP-SOM-05-2G,Morado,5,#4f1529,1299,500,2.0 gms,"Shine On All Day Long
","Say hello to luminous, high-shine lips that stay hydrated and vibrant all day long!","Say hello to luminous, high-shine lips that stay hydrated and vibrant all day long! It's Me Shine On All Day Long Lipstick combines rich, Matte color with a feather-light formula that feels as good as it looks. Unlike traditional Matte lipsticks that fade quickly, our long-lasting, non-sticky formula ensures plush, kissable lips with intense hydration. Whether you love soft nudes, classic reds, or bold hues, there’s a perfect shade for every mood and occasion!","Deep Hydration – Infused with moisturizing ingredients to keep lips soft & nourished.
High-Pigment, One-Swipe Color – Rich, vibrant shades that apply smoothly & evenly.
Non-Sticky & Lightweight – Silky, comfortable wear without any tackiness.
Versatile Wear – Wear alone for a glossy, radiant look or layer over matte lipstick for added shine.","Castor oil, Octyldodecanol, Mica, Isopropyl Myristate, Caprylic Capric Triglyceride, Ethyl Hexyl Palmitate, Ceresin wax, Candelilla Wax, Carnauba Wax, Microcrystalline Wax, Ozokerite Wax, Hydrogenated Polyisobutane, Shea Butter, Argan Oil, Saffron Oil, Vitamin E, Silica, Pentaerythrityl Tetra-di-t-butyl Hydroxyhydrocinnamate May Contain Lake & Oxide colors","Glide directly onto clean, dry lips for an instant glossy finish.
For extra intensity, apply a second coat.
Use over a matte lipstick for a hydrated, glossy effect.
Reapply as needed to maintain shine & hydration throughout the day.","Discontinue use if irritation occurs, FOR EXTERNAL USE ONLY",Experience the convenience of swift order fulfillment with our top-notch Shipping services.,
38,https://github.com/StaytunedLLP/itsme.fashion/issues/379,k22NuLsdpgSdZXBq5utI,lips,Shine On All Day Long Matte Lipstick,SHALD06,ITS-LIP-SOM-06-2G,Vixen,6,#4f1138,1299,500,2.0 gms,"Shine On All Day Long
","Say hello to luminous, high-shine lips that stay hydrated and vibrant all day long!","Say hello to luminous, high-shine lips that stay hydrated and vibrant all day long! It's Me Shine On All Day Long Lipstick combines rich, Matte color with a feather-light formula that feels as good as it looks. Unlike traditional Matte lipsticks that fade quickly, our long-lasting, non-sticky formula ensures plush, kissable lips with intense hydration. Whether you love soft nudes, classic reds, or bold hues, there’s a perfect shade for every mood and occasion!","Deep Hydration – Infused with moisturizing ingredients to keep lips soft & nourished.
High-Pigment, One-Swipe Color – Rich, vibrant shades that apply smoothly & evenly.
Non-Sticky & Lightweight – Silky, comfortable wear without any tackiness.
Versatile Wear – Wear alone for a glossy, radiant look or layer over matte lipstick for added shine.","Castor oil, Octyldodecanol, Mica, Isopropyl Myristate, Caprylic Capric Triglyceride, Ethyl Hexyl Palmitate, Ceresin wax, Candelilla Wax, Carnauba Wax, Microcrystalline Wax, Ozokerite Wax, Hydrogenated Polyisobutane, Shea Butter, Argan Oil, Saffron Oil, Vitamin E, Silica, Pentaerythrityl Tetra-di-t-butyl Hydroxyhydrocinnamate May Contain Lake & Oxide colors","Glide directly onto clean, dry lips for an instant glossy finish.
For extra intensity, apply a second coat.
Use over a matte lipstick for a hydrated, glossy effect.
Reapply as needed to maintain shine & hydration throughout the day.","Discontinue use if irritation occurs, FOR EXTERNAL USE ONLY",Experience the convenience of swift order fulfillment with our top-notch Shipping services.,
39,https://github.com/StaytunedLLP/itsme.fashion/issues/380,k22NuLsdpgSdZXBq5utI,lips,Shine On All Day Long Matte Lipstick,SHALD07,ITS-LIP-SOM-07-2G,Yezi,7,#522711,1299,500,2.0 gms,"Shine On All Day Long
","Say hello to luminous, high-shine lips that stay hydrated and vibrant all day long!","Say hello to luminous, high-shine lips that stay hydrated and vibrant all day long! It's Me Shine On All Day Long Lipstick combines rich, Matte color with a feather-light formula that feels as good as it looks. Unlike traditional Matte lipsticks that fade quickly, our long-lasting, non-sticky formula ensures plush, kissable lips with intense hydration. Whether you love soft nudes, classic reds, or bold hues, there’s a perfect shade for every mood and occasion!","Deep Hydration – Infused with moisturizing ingredients to keep lips soft & nourished.
High-Pigment, One-Swipe Color – Rich, vibrant shades that apply smoothly & evenly.
Non-Sticky & Lightweight – Silky, comfortable wear without any tackiness.
Versatile Wear – Wear alone for a glossy, radiant look or layer over matte lipstick for added shine.","Castor oil, Octyldodecanol, Mica, Isopropyl Myristate, Caprylic Capric Triglyceride, Ethyl Hexyl Palmitate, Ceresin wax, Candelilla Wax, Carnauba Wax, Microcrystalline Wax, Ozokerite Wax, Hydrogenated Polyisobutane, Shea Butter, Argan Oil, Saffron Oil, Vitamin E, Silica, Pentaerythrityl Tetra-di-t-butyl Hydroxyhydrocinnamate May Contain Lake & Oxide colors","Glide directly onto clean, dry lips for an instant glossy finish.
For extra intensity, apply a second coat.
Use over a matte lipstick for a hydrated, glossy effect.
Reapply as needed to maintain shine & hydration throughout the day.","Discontinue use if irritation occurs, FOR EXTERNAL USE ONLY",Experience the convenience of swift order fulfillment with our top-notch Shipping services.,
40,https://github.com/StaytunedLLP/itsme.fashion/issues/381,k22NuLsdpgSdZXBq5utI,lips,Shine On All Day Long Matte Lipstick,SHALD08,ITS-LIP-SOM-08-2G,Beautiful Brown,8,#4a120a,1299,500,2.0 gms,"Shine On All Day Long
","Say hello to luminous, high-shine lips that stay hydrated and vibrant all day long!","Say hello to luminous, high-shine lips that stay hydrated and vibrant all day long! It's Me Shine On All Day Long Lipstick combines rich, Matte color with a feather-light formula that feels as good as it looks. Unlike traditional Matte lipsticks that fade quickly, our long-lasting, non-sticky formula ensures plush, kissable lips with intense hydration. Whether you love soft nudes, classic reds, or bold hues, there’s a perfect shade for every mood and occasion!","Deep Hydration – Infused with moisturizing ingredients to keep lips soft & nourished.
High-Pigment, One-Swipe Color – Rich, vibrant shades that apply smoothly & evenly.
Non-Sticky & Lightweight – Silky, comfortable wear without any tackiness.
Versatile Wear – Wear alone for a glossy, radiant look or layer over matte lipstick for added shine.","Castor oil, Octyldodecanol, Mica, Isopropyl Myristate, Caprylic Capric Triglyceride, Ethyl Hexyl Palmitate, Ceresin wax, Candelilla Wax, Carnauba Wax, Microcrystalline Wax, Ozokerite Wax, Hydrogenated Polyisobutane, Shea Butter, Argan Oil, Saffron Oil, Vitamin E, Silica, Pentaerythrityl Tetra-di-t-butyl Hydroxyhydrocinnamate May Contain Lake & Oxide colors","Glide directly onto clean, dry lips for an instant glossy finish.
For extra intensity, apply a second coat.
Use over a matte lipstick for a hydrated, glossy effect.
Reapply as needed to maintain shine & hydration throughout the day.","Discontinue use if irritation occurs, FOR EXTERNAL USE ONLY",Experience the convenience of swift order fulfillment with our top-notch Shipping services.,
41,https://github.com/StaytunedLLP/itsme.fashion/issues/382,k22NuLsdpgSdZXBq5utI,lips,Shine On All Day Long Matte Lipstick,SHALD09,ITS-LIP-SOM-09-2G,Berry Bliss,9,#6e3c26,1299,500,2.0 gms,"Shine On All Day Long
","Say hello to luminous, high-shine lips that stay hydrated and vibrant all day long!","Say hello to luminous, high-shine lips that stay hydrated and vibrant all day long! It's Me Shine On All Day Long Lipstick combines rich, Matte color with a feather-light formula that feels as good as it looks. Unlike traditional Matte lipsticks that fade quickly, our long-lasting, non-sticky formula ensures plush, kissable lips with intense hydration. Whether you love soft nudes, classic reds, or bold hues, there’s a perfect shade for every mood and occasion!","Deep Hydration – Infused with moisturizing ingredients to keep lips soft & nourished.
High-Pigment, One-Swipe Color – Rich, vibrant shades that apply smoothly & evenly.
Non-Sticky & Lightweight – Silky, comfortable wear without any tackiness.
Versatile Wear – Wear alone for a glossy, radiant look or layer over matte lipstick for added shine.","Castor oil, Octyldodecanol, Mica, Isopropyl Myristate, Caprylic Capric Triglyceride, Ethyl Hexyl Palmitate, Ceresin wax, Candelilla Wax, Carnauba Wax, Microcrystalline Wax, Ozokerite Wax, Hydrogenated Polyisobutane, Shea Butter, Argan Oil, Saffron Oil, Vitamin E, Silica, Pentaerythrityl Tetra-di-t-butyl Hydroxyhydrocinnamate May Contain Lake & Oxide colors","Glide directly onto clean, dry lips for an instant glossy finish.
For extra intensity, apply a second coat.
Use over a matte lipstick for a hydrated, glossy effect.
Reapply as needed to maintain shine & hydration throughout the day.","Discontinue use if irritation occurs, FOR EXTERNAL USE ONLY",Experience the convenience of swift order fulfillment with our top-notch Shipping services.,
42,https://github.com/StaytunedLLP/itsme.fashion/issues/383,k22NuLsdpgSdZXBq5utI,lips,Shine On All Day Long Matte Lipstick,SHALD10,ITS-LIP-SOM-10-2G,Twing,10,#8c4343,1299,500,2.0 gms,"Shine On All Day Long
","Say hello to luminous, high-shine lips that stay hydrated and vibrant all day long!","Say hello to luminous, high-shine lips that stay hydrated and vibrant all day long! It's Me Shine On All Day Long Lipstick combines rich, Matte color with a feather-light formula that feels as good as it looks. Unlike traditional Matte lipsticks that fade quickly, our long-lasting, non-sticky formula ensures plush, kissable lips with intense hydration. Whether you love soft nudes, classic reds, or bold hues, there’s a perfect shade for every mood and occasion!","
Deep Hydration – Infused with moisturizing ingredients to keep lips soft & nourished.
High-Pigment, One-Swipe Color – Rich, vibrant shades that apply smoothly & evenly.
Non-Sticky & Lightweight – Silky, comfortable wear without any tackiness.
Versatile Wear – Wear alone for a glossy, radiant look or layer over matte lipstick for added shine.","Castor oil, Octyldodecanol, Mica, Isopropyl Myristate, Caprylic Capric Triglyceride, Ethyl Hexyl Palmitate, Ceresin wax, Candelilla Wax, Carnauba Wax, Microcrystalline Wax, Ozokerite Wax, Hydrogenated Polyisobutane, Shea Butter, Argan Oil, Saffron Oil, Vitamin E, Silica, Pentaerythrityl Tetra-di-t-butyl Hydroxyhydrocinnamate May Contain Lake & Oxide colors","Glide directly onto clean, dry lips for an instant glossy finish.
For extra intensity, apply a second coat.
Use over a matte lipstick for a hydrated, glossy effect.
Reapply as needed to maintain shine & hydration throughout the day.","Discontinue use if irritation occurs, FOR EXTERNAL USE ONLY",Experience the convenience of swift order fulfillment with our top-notch Shipping services.,
43,https://github.com/StaytunedLLP/itsme.fashion/issues/384,i1EY2LgWOcHstEDmMNz7,lips,Hydrating Matte Lipstick,HYD501,ITS-LIP-HML-1-4G,KOSAS,1,#b96662,"1,499",500,4.0 gms,Hydrating Matte Lipstick,"Experience bold, long-lasting color with a hydrating matte finish that feels as good as it looks!","Experience bold, long-lasting color with a hydrating matte finish that feels as good as it looks! It's Me Hydrating Matte Bullet Lipstick delivers full-coverage pigmentation in just one swipe while keeping your lips soft, nourished, and comfortable all day. Unlike traditional matte lipsticks that dry out your lips, our unique formula is infused with moisturizing ingredients to ensure a smooth, lightweight feel without cracking or flaking. Whether you love nude, pink, or red, there's a perfect shade for every mood and occasion! ","Rich, Velvety Matte Finish – Enjoy a true matte look with a soft, comfortable texture.
Hydrating & Non-Drying Formula – Infused with moisturizing agents for a smooth, supple feel.
Intense Color Payoff – One-swipe application delivers highly pigmented, long-lasting wear.
Lightweight & Non-Sticky – Feels like second skin, without any heaviness.
Perfect for Every Mood – A versatile shade range from subtle nudes to bold statement colors.","Polyethene Wax, Candeilla Wax, Ozokerite Wax, Shea Butter, Iso Propyl Mystriate, Polyisobutene, Isododecane, Octyl Methoxy-cinnamate, Silica, Hyaluronic Acid, Vitamin C, Niacinnamide, Fragrance, Additive May Containe, CI 42090/ CI 19140 / CI 77891/ CI 77499/ CI 77492/ CI 15850/ CI 175470/ CI 77681/ C1 177019","Apply directly onto clean, dry lips for a full-coverage matte look.
For a softer, diffused effect, dab gently with your fingertips.
To enhance wear time, prep lips with a light lip balm and use a liner before application.
Reapply as needed for fresh, long-lasting color.","Discontinue use if irritation occurs, FOR EXTERNAL USE ONLY",Experience the convenience of swift order fulfillment with our top-notch Shipping services.,
44,https://github.com/StaytunedLLP/itsme.fashion/issues/385,i1EY2LgWOcHstEDmMNz7,lips,Hydrating Matte Lipstick,HYD502,ITS-LIP-HML-2-4G,WILD ROSE,2,#700f21,"1,499",500,4.0 gms,Hydrating Matte Lipstick,"Experience bold, long-lasting color with a hydrating matte finish that feels as good as it looks!","Experience bold, long-lasting color with a hydrating matte finish that feels as good as it looks! It's Me Hydrating Matte Bullet Lipstick delivers full-coverage pigmentation in just one swipe while keeping your lips soft, nourished, and comfortable all day. Unlike traditional matte lipsticks that dry out your lips, our unique formula is infused with moisturizing ingredients to ensure a smooth, lightweight feel without cracking or flaking. Whether you love nude, pink, or red, there's a perfect shade for every mood and occasion! ","Rich, Velvety Matte Finish – Enjoy a true matte look with a soft, comfortable texture.
Hydrating & Non-Drying Formula – Infused with moisturizing agents for a smooth, supple feel.
Intense Color Payoff – One-swipe application delivers highly pigmented, long-lasting wear.
Lightweight & Non-Sticky – Feels like second skin, without any heaviness.
Perfect for Every Mood – A versatile shade range from subtle nudes to bold statement colors.","Polyethene Wax, Candeilla Wax, Ozokerite Wax, Shea Butter, Iso Propyl Mystriate, Polyisobutene, Isododecane, Octyl Methoxy-cinnamate, Silica, Hyaluronic Acid, Vitamin C, Niacinnamide, Fragrance, Additive May Containe, CI 42090/ CI 19140 / CI 77891/ CI 77499/ CI 77492/ CI 15850/ CI 175470/ CI 77681/ C1 177020","Apply directly onto clean, dry lips for a full-coverage matte look.
For a softer, diffused effect, dab gently with your fingertips.
To enhance wear time, prep lips with a light lip balm and use a liner before application.
Reapply as needed for fresh, long-lasting color.","Discontinue use if irritation occurs, FOR EXTERNAL USE ONLY",Experience the convenience of swift order fulfillment with our top-notch Shipping services.,
45,https://github.com/StaytunedLLP/itsme.fashion/issues/386,i1EY2LgWOcHstEDmMNz7,lips,Hydrating Matte Lipstick,HYD503,ITS-LIP-HML-3-4G,AMBER,3,#572a33,"1,499",500,4.0 gms,Hydrating Matte Lipstick,"Experience bold, long-lasting color with a hydrating matte finish that feels as good as it looks!","Experience bold, long-lasting color with a hydrating matte finish that feels as good as it looks! It's Me Hydrating Matte Bullet Lipstick delivers full-coverage pigmentation in just one swipe while keeping your lips soft, nourished, and comfortable all day. Unlike traditional matte lipsticks that dry out your lips, our unique formula is infused with moisturizing ingredients to ensure a smooth, lightweight feel without cracking or flaking. Whether you love nude, pink, or red, there's a perfect shade for every mood and occasion! ","Rich, Velvety Matte Finish – Enjoy a true matte look with a soft, comfortable texture.
Hydrating & Non-Drying Formula – Infused with moisturizing agents for a smooth, supple feel.
Intense Color Payoff – One-swipe application delivers highly pigmented, long-lasting wear.
Lightweight & Non-Sticky – Feels like second skin, without any heaviness.
Perfect for Every Mood – A versatile shade range from subtle nudes to bold statement colors.","Polyethene Wax, Candeilla Wax, Ozokerite Wax, Shea Butter, Iso Propyl Mystriate, Polyisobutene, Isododecane, Octyl Methoxy-cinnamate, Silica, Hyaluronic Acid, Vitamin C, Niacinnamide, Fragrance, Additive May Containe, CI 42090/ CI 19140 / CI 77891/ CI 77499/ CI 77492/ CI 15850/ CI 175470/ CI 77681/ C1 177021","Apply directly onto clean, dry lips for a full-coverage matte look.
For a softer, diffused effect, dab gently with your fingertips.
To enhance wear time, prep lips with a light lip balm and use a liner before application.
Reapply as needed for fresh, long-lasting color.","Discontinue use if irritation occurs, FOR EXTERNAL USE ONLY",Experience the convenience of swift order fulfillment with our top-notch Shipping services.,
46,https://github.com/StaytunedLLP/itsme.fashion/issues/387,i1EY2LgWOcHstEDmMNz7,lips,Hydrating Matte Lipstick,HYD504,ITS-LIP-HML-4-4G,BREEZE,4,#965c4b,"1,499",500,4.0 gms,Hydrating Matte Lipstick,"Experience bold, long-lasting color with a hydrating matte finish that feels as good as it looks!","Experience bold, long-lasting color with a hydrating matte finish that feels as good as it looks! It's Me Hydrating Matte Bullet Lipstick delivers full-coverage pigmentation in just one swipe while keeping your lips soft, nourished, and comfortable all day. Unlike traditional matte lipsticks that dry out your lips, our unique formula is infused with moisturizing ingredients to ensure a smooth, lightweight feel without cracking or flaking. Whether you love nude, pink, or red, there's a perfect shade for every mood and occasion! ","Rich, Velvety Matte Finish – Enjoy a true matte look with a soft, comfortable texture.
Hydrating & Non-Drying Formula – Infused with moisturizing agents for a smooth, supple feel.
Intense Color Payoff – One-swipe application delivers highly pigmented, long-lasting wear.
Lightweight & Non-Sticky – Feels like second skin, without any heaviness.
Perfect for Every Mood – A versatile shade range from subtle nudes to bold statement colors.","Polyethene Wax, Candeilla Wax, Ozokerite Wax, Shea Butter, Iso Propyl Mystriate, Polyisobutene, Isododecane, Octyl Methoxy-cinnamate, Silica, Hyaluronic Acid, Vitamin C, Niacinnamide, Fragrance, Additive May Containe, CI 42090/ CI 19140 / CI 77891/ CI 77499/ CI 77492/ CI 15850/ CI 175470/ CI 77681/ C1 177022","Apply directly onto clean, dry lips for a full-coverage matte look.
For a softer, diffused effect, dab gently with your fingertips.
To enhance wear time, prep lips with a light lip balm and use a liner before application.
Reapply as needed for fresh, long-lasting color.","Discontinue use if irritation occurs, FOR EXTERNAL USE ONLY",Experience the convenience of swift order fulfillment with our top-notch Shipping services.,
47,https://github.com/StaytunedLLP/itsme.fashion/issues/388,i1EY2LgWOcHstEDmMNz7,lips,Hydrating Matte Lipstick,HYD505,ITS-LIP-HML-5-4G,TOKYO,5,#9c4344,"1,499",500,4.0 gms,Hydrating Matte Lipstick,"Experience bold, long-lasting color with a hydrating matte finish that feels as good as it looks!","Experience bold, long-lasting color with a hydrating matte finish that feels as good as it looks! It's Me Hydrating Matte Bullet Lipstick delivers full-coverage pigmentation in just one swipe while keeping your lips soft, nourished, and comfortable all day. Unlike traditional matte lipsticks that dry out your lips, our unique formula is infused with moisturizing ingredients to ensure a smooth, lightweight feel without cracking or flaking. Whether you love nude, pink, or red, there's a perfect shade for every mood and occasion! ","Rich, Velvety Matte Finish – Enjoy a true matte look with a soft, comfortable texture.
Hydrating & Non-Drying Formula – Infused with moisturizing agents for a smooth, supple feel.
Intense Color Payoff – One-swipe application delivers highly pigmented, long-lasting wear.
Lightweight & Non-Sticky – Feels like second skin, without any heaviness.
Perfect for Every Mood – A versatile shade range from subtle nudes to bold statement colors.","Polyethene Wax, Candeilla Wax, Ozokerite Wax, Shea Butter, Iso Propyl Mystriate, Polyisobutene, Isododecane, Octyl Methoxy-cinnamate, Silica, Hyaluronic Acid, Vitamin C, Niacinnamide, Fragrance, Additive May Containe, CI 42090/ CI 19140 / CI 77891/ CI 77499/ CI 77492/ CI 15850/ CI 175470/ CI 77681/ C1 177023","Apply directly onto clean, dry lips for a full-coverage matte look.
For a softer, diffused effect, dab gently with your fingertips.
To enhance wear time, prep lips with a light lip balm and use a liner before application.
Reapply as needed for fresh, long-lasting color.","Discontinue use if irritation occurs, FOR EXTERNAL USE ONLY",Experience the convenience of swift order fulfillment with our top-notch Shipping services.,
48,https://github.com/StaytunedLLP/itsme.fashion/issues/389,i1EY2LgWOcHstEDmMNz7,lips,Hydrating Matte Lipstick,HYD506,ITS-LIP-HML-6-4G,SISLEY,6,#b00e24,"1,499",500,4.0 gms,Hydrating Matte Lipstick,"Experience bold, long-lasting color with a hydrating matte finish that feels as good as it looks!","Experience bold, long-lasting color with a hydrating matte finish that feels as good as it looks! It's Me Hydrating Matte Bullet Lipstick delivers full-coverage pigmentation in just one swipe while keeping your lips soft, nourished, and comfortable all day. Unlike traditional matte lipsticks that dry out your lips, our unique formula is infused with moisturizing ingredients to ensure a smooth, lightweight feel without cracking or flaking. Whether you love nude, pink, or red, there's a perfect shade for every mood and occasion! ","Rich, Velvety Matte Finish – Enjoy a true matte look with a soft, comfortable texture.
Hydrating & Non-Drying Formula – Infused with moisturizing agents for a smooth, supple feel.
Intense Color Payoff – One-swipe application delivers highly pigmented, long-lasting wear.
Lightweight & Non-Sticky – Feels like second skin, without any heaviness.
Perfect for Every Mood – A versatile shade range from subtle nudes to bold statement colors.","Polyethene Wax, Candeilla Wax, Ozokerite Wax, Shea Butter, Iso Propyl Mystriate, Polyisobutene, Isododecane, Octyl Methoxy-cinnamate, Silica, Hyaluronic Acid, Vitamin C, Niacinnamide, Fragrance, Additive May Containe, CI 42090/ CI 19140 / CI 77891/ CI 77499/ CI 77492/ CI 15850/ CI 175470/ CI 77681/ C1 177024","Apply directly onto clean, dry lips for a full-coverage matte look.
For a softer, diffused effect, dab gently with your fingertips.
To enhance wear time, prep lips with a light lip balm and use a liner before application.
Reapply as needed for fresh, long-lasting color.","Discontinue use if irritation occurs, FOR EXTERNAL USE ONLY",Experience the convenience of swift order fulfillment with our top-notch Shipping services.,
49,https://github.com/StaytunedLLP/itsme.fashion/issues/390,i1EY2LgWOcHstEDmMNz7,lips,Hydrating Matte Lipstick,HYD507,ITS-LIP-HML-7-4G,EVOKE,7,#b84f4f,"1,499",500,4.0 gms,Hydrating Matte Lipstick,"Experience bold, long-lasting color with a hydrating matte finish that feels as good as it looks!","Experience bold, long-lasting color with a hydrating matte finish that feels as good as it looks! It's Me Hydrating Matte Bullet Lipstick delivers full-coverage pigmentation in just one swipe while keeping your lips soft, nourished, and comfortable all day. Unlike traditional matte lipsticks that dry out your lips, our unique formula is infused with moisturizing ingredients to ensure a smooth, lightweight feel without cracking or flaking. Whether you love nude, pink, or red, there's a perfect shade for every mood and occasion! ","Rich, Velvety Matte Finish – Enjoy a true matte look with a soft, comfortable texture.
Hydrating & Non-Drying Formula – Infused with moisturizing agents for a smooth, supple feel.
Intense Color Payoff – One-swipe application delivers highly pigmented, long-lasting wear.
Lightweight & Non-Sticky – Feels like second skin, without any heaviness.
Perfect for Every Mood – A versatile shade range from subtle nudes to bold statement colors.","Polyethene Wax, Candeilla Wax, Ozokerite Wax, Shea Butter, Iso Propyl Mystriate, Polyisobutene, Isododecane, Octyl Methoxy-cinnamate, Silica, Hyaluronic Acid, Vitamin C, Niacinnamide, Fragrance, Additive May Containe, CI 42090/ CI 19140 / CI 77891/ CI 77499/ CI 77492/ CI 15850/ CI 175470/ CI 77681/ C1 177025","Apply directly onto clean, dry lips for a full-coverage matte look.
For a softer, diffused effect, dab gently with your fingertips.
To enhance wear time, prep lips with a light lip balm and use a liner before application.
Reapply as needed for fresh, long-lasting color.","Discontinue use if irritation occurs, FOR EXTERNAL USE ONLY",Experience the convenience of swift order fulfillment with our top-notch Shipping services.,
50,https://github.com/StaytunedLLP/itsme.fashion/issues/391,i1EY2LgWOcHstEDmMNz7,lips,Hydrating Matte Lipstick,HYD508,ITS-LIP-HML-8-4G,LUMINA,8,#6e323e,"1,499",500,4.0 gms,Hydrating Matte Lipstick,"Experience bold, long-lasting color with a hydrating matte finish that feels as good as it looks!","Experience bold, long-lasting color with a hydrating matte finish that feels as good as it looks! It's Me Hydrating Matte Bullet Lipstick delivers full-coverage pigmentation in just one swipe while keeping your lips soft, nourished, and comfortable all day. Unlike traditional matte lipsticks that dry out your lips, our unique formula is infused with moisturizing ingredients to ensure a smooth, lightweight feel without cracking or flaking. Whether you love nude, pink, or red, there's a perfect shade for every mood and occasion! ","Rich, Velvety Matte Finish – Enjoy a true matte look with a soft, comfortable texture.
Hydrating & Non-Drying Formula – Infused with moisturizing agents for a smooth, supple feel.
Intense Color Payoff – One-swipe application delivers highly pigmented, long-lasting wear.
Lightweight & Non-Sticky – Feels like second skin, without any heaviness.
Perfect for Every Mood – A versatile shade range from subtle nudes to bold statement colors.","Polyethene Wax, Candeilla Wax, Ozokerite Wax, Shea Butter, Iso Propyl Mystriate, Polyisobutene, Isododecane, Octyl Methoxy-cinnamate, Silica, Hyaluronic Acid, Vitamin C, Niacinnamide, Fragrance, Additive May Containe, CI 42090/ CI 19140 / CI 77891/ CI 77499/ CI 77492/ CI 15850/ CI 175470/ CI 77681/ C1 177026","Apply directly onto clean, dry lips for a full-coverage matte look.
For a softer, diffused effect, dab gently with your fingertips.
To enhance wear time, prep lips with a light lip balm and use a liner before application.
Reapply as needed for fresh, long-lasting color.","Discontinue use if irritation occurs, FOR EXTERNAL USE ONLY",Experience the convenience of swift order fulfillment with our top-notch Shipping services.,
51,https://github.com/StaytunedLLP/itsme.fashion/issues/392,jm7vbqcPEomV20luEk9b,hairs,18 Herbs Hair oil,18HHO01,ITS-HAR-18H-NOC-120M,,,#BBB7A2,1199,500,120 ml,"NATURAL Formula for Stronger, Healthier Hair","Discover the power of Ayurveda with Aura Ayurvedic Hair Oil, a carefully crafted blend of 18 potent herbs and essential oils.","Discover the power of Ayurveda with Aura Ayurvedic Hair Oil, a carefully crafted blend of 18 potent herbs and essential oils. Infused with Olive Oil, Coconut Oil, Brahmi, Neem, Fenugreek, and Black Cumin, this luxurious elixir deeply nourishes your scalp, strengthens hair roots, and stimulates natural hair growth. Say goodbye to hair fall, dryness, and dandruff, and welcome silky, voluminous locks with the goodness of nature.","Reduces Hair Fall – Strengthens roots and prevents breakage
Promotes Hair Growth – Boosts circulation for thicker hair
Prevents Dandruff & Dryness – Deeply hydrates and purifies the scalp
Natural Shine & Smoothness – Restores lost moisture and enhances texture
Prevents Premature Graying – Protects hair from early aging with herbal nourishment","Almond Nut, Clitoria Ternatea (Butterfly Pea Flower), Butea Monosperma (Flame of the Forest), Rosa Damascena (Flower Rose Petals), Trigonella Foenum-Graecum (Methi Seeds), Abrus Precatorius (Red Sandal Pea), Vetiveria Zizanioides (Vetiver Root), Cocos Nucifera (Coconut Oil), Sesamum Indicum Oil (Sesame), Helianthus Annuus Oil (Sunflower), Azadirachta Indica Oil (Neem), Olea Europaea Oil (Olive), Argania Spinosa Oil (Argan), Bacopa Monnieri Oil (Brahmi), Nigella Sativa Oil (Black Cumin), Lawsonia Inermis Extract (Henna), Ocimum Sanctum Extract (Tulsi), Cymbopogon Citratus Extract (Lemongrass), Acacia Concinna Extract (Shikakai), Onion Extract (Lilum Cepa), Butylated Hydroxy Toluene, Fragrance.","Take a few drop of Aura 18 Herbs Hair Oil and warm it slightly.
Massage gently onto your scalp for 5-10 minutes in circular motions.
Leave it on for at least 2 hours or overnight for best results.
Wash off with a mild herbal shampoo.
For Best Results: Use everu day for 3 months",We recommend a patch test before first use. Discontinue if redness or irritation occurs. Avoid direct contact with the eyes. Keep out of children's reach. For external use only. Store in a cool dark place. Colour of the product may vary batch to batch. Results may vary person to person & user should not expect overnight results,Experience the convenience of swift order fulfillment with our top-notch Shipping services.,
52,https://github.com/StaytunedLLP/itsme.fashion/issues/393,X5Rrm4GvAm5BYDDel5aZ,face,Golden Glow Facepack,GGFP01,ITS-FAC-GGF-NOC-100G,Gloden merry,1,#E6AC4D,1499,500,100 gms,Instant Radiance & Skin Brightening Formula,Experience the luxury of Gold with Aura Golden Glow Face Pack.,"Experience the luxury of Gold with Aura Golden Glow Face Pack. Infused with pure saffron, and turmeric, this Ayurvedic beauty treatment deeply nourishes your skin, removes impurities, and boosts natural radiance. Say goodbye to dullness and welcome a golden, salon-like glow at home! Perfect for all skin types, this face pack is your ultimate skincare secret for a brighter, younger-looking complexion.","Instant Golden Glow – Gives your skin a natural radiance boost
Detoxifies & Purifies – Deep cleanses pores and removes toxins
Anti-Aging & Collagen Boost – Reduces fine lines and improves elasticity
Fades Dark Spots & Pigmentation – Evens out skin tone and enhances brightness
Hydrating & Nourishing – Keeps skin soft, smooth, and youthful"," Cicer Arietinum (Gram Flour), Oryza Sativa (Rice) Flour, 
Curcuma Longa (Turmeric) Root Powder, Santalum Album (Sandalwood) 
Powder, Titanium Dioxide, Perfume (Sandalwood Essential Oil)","Use the wooden spoon to take 1-2 teaspoons of the face pack powder into a bowl.
Add 5-6 drops of honey (or about 1 teaspoon) using the dropper.
Mix with milk, water, or rose water to form a smooth paste.
Stir well and apply evenly to your face and neck using the applicator. Avoid the eye area.
Gently massage with the silicone scrubber for mild exfoliation. Leave it on for 10-15 minutes.
Rinse with lukewarm water, using the scrubber again for a final gentle exfoliation.","Discontinue use if irritation occurs, FOR EXTERNAL USE ONLY",Experience the convenience of swift order fulfillment with our top-notch Shipping services.,